GC Pooling® Italy Basket as of:,,02.10.2026,
Published List will be updated daily. Please consider eligible collateral may change randomly.,,,
For a current list kindly use the CMAX system,,,
ISIN,Brief Description,Haircut (%),Settlement Location
XS3326548370,"EUR FL.R ITALY, REP.OF (R",4.46,CBF
IT0005722845,"EUR 3,35 ITALY, REP.OF (B",2.84,CBF
IT0005620460,"EUR FL.R ITALY, REP.OF (C",2.99,CBF
IT0001086567,"EUR 7,25 ITALY (BTP/TAX12",0.08,CBF
IT0005647265,"EUR 3,25 ITALY, REP.OF (B",2.57,CBF
IT0005707614,"EUR 3,15 ITALY, REP.OF (B",2.25,CBF
IT0005594467,"EUR FL.R ITALY, REP.OF (B",2.58,CBF
IT0005704447,"EUR 0,00 ITALY, REP.OF 26",0.28,CBF
IT0005518128,"EUR 4,40 ITALY, REP.OF (B",2.66,CBF
IT0005668220,"EUR 3,25 ITALY, REP.OF 25",2.66,CBF
IT0005024234,"EUR 3,50 ITALY, REP.OF (R",1.77,CBF
IT0005466013,"EUR 0,95 ITALY, REP.OF (B",2.66,CBF
IT0005433690,"EUR 0,25 ITALY, REP.OF (R",0.74,CBF
XS0218274107,"EUR FL.R ITALY, REP.OF 05",8.00,CBF
IT0005377152,"EUR 3,10 ITALY, REP.OF 19",4.07,CBF
IT0005445306,"EUR 0,50 ITALY, REP.OF (B",1.02,CBF
IT0001174611,"EUR 6,50 ITALY (BTP-ABI 1",0.53,CBF
IT0005321325,"EUR 2,95 ITALY, REP.OF (R",3.83,CBF
IT0001444378,"EUR 6 ITALY (BTP-ABI 1444",2.12,CBF
XS2600999739,"EUR FL.R ITALY, REP.OF (R",7.59,CBF
IT0005722514,"EUR 0,00 ITALY, REP.OF (B",0.39,CBF
XS1435990863,"EUR 1,901 ITALY, REP.OF (",2.41,CBF
IT0005680753,"EUR FL.R ITALY, REP.OF (C",3.77,CBF
IT0003934657,"EUR 4,00 ITALY, REP.OF (R",3.42,CBF
XS3338796207,"EUR FL.R ITALY, REP.OF (R",4.96,CBF
IT0005689960,"EUR 2,40 ITALY, REP.OF (B",1.40,CBF
XS0098449456,"EUR FL.R ITALY, REP.OF 99",1.36,CBF
IT0005699340,"EUR 0,00 ITALY, REP.OF (B",0.24,CBF
IT0005704868,"EUR 3,30 ITALY, REP.OF (B",2.71,CBF
IT0005340929,"EUR 2,80 ITALY, REP.OF (R",1.25,CBF
IT0004848492,"EUR 0,00 ITALY, REP.OF (R",2.52,CBF
IT0005390874,"EUR 0,85 ITALY, REP.OF (B",0.15,CBF
XS1236858657,"EUR 2,127 ITALY, REP.OF (",0.33,CBF
IT0005449969,"EUR 0,95 ITALY, REP.OF (B",2.52,CBF
IT0005534984,"EUR FL.R ITALY, REP.OF (C",1.04,CBF
IT0005560948,"EUR 4,20 ITALY, REP.OF (B",2.84,CBF
IT0005240350,"EUR 2,45 ITALY, REP.OF (R",2.80,CBF
XS1227831382,"EUR 1,666 ITALY, REP.OF (",0.91,CBF
IT0005542359,"EUR 4,00 ITALY, REP.OF (B",2.35,CBF
XS1505666815,"EUR 1,448 ITALY, REP.OF (",0.29,CBF
IT0005648149,"EUR 3,60 ITALY, REP.OF (B",3.28,CBF
IT0005542797,"EUR 3,70 ITALY, REP.OF (B",1.88,CBF
IT0005706285,"EUR 3,80 ITALY, REP.OF (B",3.38,CBF
XS3138610822,"EUR FL.R ITALY, REP.OF (R",8.49,CBF
IT0005657330,"EUR 2,10 ITALY, REP.OF (B",0.43,CBF
IT0004848476,"EUR 0,00 ITALY, REP.OF (B",0.57,CBF
IT0005580045,"EUR 2,95 ITALY, REP.OF (B",0.19,CBF
XS2948764563,"EUR 3,55 ITALY, REP.OF 24",3.55,CBF
IT0005654642,"EUR 2,70 ITALY, REP.OF (B",2.02,CBF
IT0005719536,"EUR 0,00 ITALY, REP.OF (B",0.15,CBF
XS1199008670,"EUR 2,00 ITALY, REP.OF (R",2.78,CBF
IT0005383309,"EUR 1,35 ITALY, REP.OF (B",1.86,CBF
IT0005403396,"EUR 0,95 ITALY, REP.OF (B",2.00,CBF
IT0005607970,"EUR 3,85 ITALY, REP.OF (B",3.17,CBF
IT0005177909,"EUR 2,25 ITALY, REP.OF (R",3.55,CBF
IT0005635583,"EUR 3,85 ITALY, REP.OF (B",4.23,CBF
IT0005467482,"EUR 0,45 ITALY, REP.OF (B",1.39,CBF
IT0005641029,"EUR 2,65 ITALY, REP.OF 25",0.96,CBF
IT0005508590,"EUR 4,00 ITALY, REP.OF (1",3.18,CBF
IT0005611055,"EUR 3,00 ITALY, REP.OF (B",1.63,CBF
IT0005599904,"EUR 3,45 ITALY, REP.OF 24",0.38,CBF
IT0005689994,"EUR 3,15 ITALY, REP.OF 26",2.70,CBF
XS2842049053,"EUR FL.R ITALY, REP.OF (R",7.34,CBF
IT0005733636,"EUR 3,95 ITALY, REP.OF (B",2.64,CBF
IT0005416570,"EUR 0,95 ITALY, REP.OF (B",0.46,CBF
IT0005671273,"EUR 2,85 ITALY, REP.OF 25",2.13,CBF
IT0003535157,"EUR 5,00 ITALY(BTP-ABI 35",2.92,CBF
IT0004848443,"EUR 0,00 ITALY, REP.OF (B",0.08,CBF
IT0005622128,"EUR 2,70 ITALY, REP.OF (B",0.51,CBF
IT0005566408,"EUR 4,10 ITALY, REP.OF (B",1.32,CBF
IT0005500068,"EUR 2,65 ITALY, REP.OF (B",0.57,CBF
IT0005451361,"EUR FL.R ITALY, REP.OF (R",2.91,CBF
IT0003685093,"EUR 5,20 ITALY, REP.OF (M",3.04,CBF
IT0005413171,"EUR 1,65 ITALY, REP.OF (R",2.10,CBF
IT0003874523,"EUR 3,50 INFRASTRUTTURE S",8.23,CBF
IT0005484552,"EUR 1,10 ITALY, REP.OF (B",0.25,CBF
IT0005692410,"EUR 2,20 ITALY, REP.OF (B",0.71,CBF
IT0005725236,"EUR 0,00 ITALY, REP.OF 29",0.19,CBF
IT0005422891,"EUR 0,90 ITALY, REP.OF (R",2.27,CBF
XS1413812881,"EUR 1,913 ITALY, REP.OF (",1.54,CBF
IT0005240830,"EUR 2,20 ITALY, REP.OF (R",0.32,CBF
IT0003256820,"EUR 5,75 ITALY (BTP-ABI 3",2.59,CBF
IT0005707689,"EUR FL.R ITALY, REP.OF (C",4.12,CBF
IT0005548315,"EUR 3,80 ITALY, REP.OF (B",1.02,CBF
IT0005494239,"EUR 2,50 ITALY, REP.OF (B",2.71,CBF
IT0005631590,"EUR 3,65 ITALY, REP.OF (B",3.23,CBF
IT0005580094,"EUR 3,50 ITALY, REP.OF (B",2.12,CBF
IT0005711749,"EUR 0,00 ITALY, REP.OF (B",0.11,CBF
IT0005495731,"EUR 2,80 ITALY, REP.OF (B",1.51,CBF
IT0005554982,"EUR FL.R ITALY, REP.OF (C",2.39,CBF
IT0005496770,"EUR 3,25 ITALY, REP.OF (B",3.69,CBF
IT0005584856,"EUR 3,85 ITALY, REP.OF (B",2.98,CBF
IT0005695256,"EUR 0,00 ITALY, REP.OF (B",0.21,CBF
IT0005436693,"EUR 0,60 ITALY, REP.OF (R",2.43,CBF
IT0005660052,"EUR 2,35 ITALY, REP.OF (B",1.32,CBF
IT0005595803,"EUR 3,45 ITALY, REP.OF (B",2.29,CBF
IT0005684888,"EUR 0,00 ITALY, REP.OF (B",0.13,CBF
IT0005619546,"EUR 3,15 ITALY, REP.OF (B",2.40,CBF
IT0005637399,"EUR 2,95 ITALY, REP.OF (B",1.91,CBF
IT0005733099,"EUR 4,40 ITALY, REP.OF (B",4.18,CBF
IT0005729733,"EUR 3,00 ITALY, REP.OF (B",1.23,CBF
IT0001278511,"EUR 5,25 ITALY (BTP-ABI 1",1.62,CBF
IT0005716839,"EUR 3,00 ITALY, REP.OF (B",1.62,CBF
IT0005323032,"EUR 2,00 ITALY, REP.OF (R",0.65,CBF
IT0005519787,"EUR 3,85 ITALY, REP.OF (B",1.70,CBF
IT0005716714,"EUR 0,00 ITALY, REP.OF (B",0.35,CBF
IT0005676504,"EUR 3,45 ITALY, REP.OF (B",3.32,CBF
IT0005689887,"EUR 0,00 ITALY, REP.OF (B",0.17,CBF
IT0005094088,"EUR 1,65 ITALY, REP.OF (R",2.55,CBF
IT0005729931,"EUR 4,00 ITALY, REP.OF (B",3.55,CBF
IT0005421703,"EUR 1,80 ITALY, REP.OF (R",4.72,CBF
XS2265524210,"EUR FL.R ITALY, REP.OF (R",5.42,CBF
IT0005709289,"EUR 0,00 ITALY, REP.OF (B",0.31,CBF
XS3074411524,"EUR 3,50 ITALY, REP.OF 25",3.47,CBF
IT0005633794,"EUR 2,55 ITALY, REP.OF (B",0.21,CBF
IT0004848484,"EUR 0,00 ITALY, REP.OF (B",1.83,CBF
IT0004532559,"EUR 5,00 ITALY, REP.OF (R",4.05,CBF
IT0005652828,"EUR FL.R ITALY, REP.OF 25",3.38,CBF
IT0005584849,"EUR 3,35 ITALY, REP.OF (B",1.52,CBF
IT0005433195,"EUR 0,95 ITALY, REP.OF (R",3.80,CBF
IT0005491250,"EUR FL.R ITALY, REP.OF (C",1.97,CBF
IT0005730681,"EUR 0,00 ITALY, REP.OF (B",0.50,CBF
IT0005358806,"EUR 3,35 ITALY, REP.OF (R",3.21,CBF
IT0005674335,"EUR 0,00 ITALY, REP.OF (B",0.05,CBF
IT0005733115,"EUR 0,00 ITALY, REP.OF (B",0.28,CBF
IT0005694630,"EUR 3,95 ITALY, REP.OF (B",4.39,CBF
IT0005678492,"EUR 0,00 ITALY, REP.OF (B",0.09,CBF
IT0005210650,"EUR 1,25 ITALY, REP.OF (R",0.11,CBF
IT0005729220,"EUR 0,00 ITALY, REP.OF (B",0.43,CBF
IT0005596470,"EUR 4,05 ITALY, REP.OF (B",3.55,CBF
XS1180157544,"EUR 1,862 ITALY, REP.OF (",0.68,CBF
XS1180459395,"EUR 2,192 ITALY, REP.OF (",2.62,CBF
IT0005274805,"EUR 2,05 ITALY, REP.OF (R",0.40,CBF
IT0004889033,"EUR 4,75 ITALY, REP.OF (B",1.08,CBF
XS1199014306,"EUR 1,771 ITALY, REP.OF (",1.44,CBF
IT0005561888,"EUR 4,00 ITALY, REP.OF (R",2.01,CBF
IT0005544082,"EUR 4,35 ITALY, REP.OF (B",2.72,CBF
IT0005402117,"EUR 1,45 ITALY, REP.OF (R",3.57,CBF
IT0004286966,"EUR 5,00 ITALY, REP.OF (R",3.80,CBF
IT0005365165,"EUR 3,00 ITALY, REP.OF (R",1.56,CBF
IT0005582421,"EUR 4,15 ITALY, REP.OF (B",3.89,CBF
IT0005521981,"EUR 3,40 ITALY, REP.OF (B",0.77,CBF
