GC Pooling® Germany Basket as of:,,02.10.2026,
Published List will be updated daily. Please consider eligible collateral may change randomly.,,,
For a current list kindly use the CMAX system,,,
ISIN,Brief Description,Haircut (%),Settlement Location
DE0001102606,"EUR 1,70 BUNDES DEUTSCH 2",1.23,CBF
DE0001135481,"EUR 2,50 BUNDES DEUTSCH (",2.98,CBF
DE000BU2D012,"EUR 2,90 BUNDES DEUTSCH (",3.97,CBF
DE000BU2T000,"EUR 3,40 BUNDES DEUTSCH (",3.14,CBF
DE0001102622,"EUR 2,10 BUNDES DEUTSCH 2",0.68,CBF
DE0003811485,"EUR 0,00 BUNDES DEUTSCH (",0.97,CBF
DE0003811527,"EUR 0,00 BUNDES DEUTSCH (",1.86,CBF
DE000BU0E410,"EUR 0,00 BUNDES DEUTSCH 1",0.13,CBF
DE000BU0E402,"EUR 0,00 BUNDES DEUTSCH 1",0.11,CBF
DE000BU0E428,"EUR 0,00 BUNDES DEUTSCH 1",0.15,CBF
DE0001143303,"EUR 0,00 BRD (STRIP CPN) ",0.17,CBF
DE000BU27014,"EUR 2,50 BUNDES DEUTSCH 2",1.24,CBF
DE0003811493,"EUR 0,00 BUNDES DEUTSCH (",1.27,CBF
DE0001143311,"EUR 0,00 BRD (STRIP CPN) ",0.46,CBF
DE0001135432,"EUR 3,25 BUNDES DEUTSCH (",2.60,CBF
DE000BU0E451,"EUR 0,00 BUNDES DEUTSCH 1",0.23,CBF
DE0003811550,"EUR 0,00 BUNDES DEUTSCH (",2.56,CBF
DE0001141869,"EUR 1,30 BUNDES DEUTSCH 2",0.23,CBF
DE0001108934,"EUR 0,00 BUNDES DEUTSCH 2",0.78,CBF
DE0001030757,"EUR 1,80 BUNDES DEUTSCH (",4.04,CBF
DE0003811535,"EUR 0,00 BUNDES DEUTSCH (",2.13,CBF
DE0001102564,"EUR 0,00 BUNDES DEUTSCH 2",1.11,CBF
DE0003811774,"EUR 0,00 BUNDES DEUTSCH 2",0.06,CBF
DE000BU4Z003,"EUR 0,00 BUNDES DEUTSCH 2",0.83,CBF
DE000BU4K062,"EUR 0,00 BUNDES DEUTSCH 2",1.86,CBF
DE0001135044,"EUR 6,50 BRD 97-2027",0.14,CBF
DE0001030732,"EUR 0,00 BUNDES DEUTSCH 2",1.11,CBF
DE0001135176,"EUR 5,50 BRD 00-2031",0.90,CBF
DE000BU2Z023,"EUR FL.R BUNDES DEUTSCH 2",1.47,CBF
DE0001102457,"EUR FL.R BUNDES DEUTSCH (",0.44,CBF
DE0003811618,"EUR 0,00 BUNDES DEUTSCH (",3.79,CBF
DE0001102580,"EUR 0,00 BUNDES DEUTSCH 2",1.20,CBF
DE000BU2Z072,"EUR 3,00 BUNDES DEUTSCH 2",2.02,CBF
DE000BU35025,"EUR 2,10 BUNDES DEUTSCH 2",0.57,CBF
DE0003811782,"EUR 0,00 BUNDES DEUTSCH 2",0.28,CBF
DE000BU22072,"EUR 2,00 BUNDES DEUTSCH 2",0.07,CBF
DE0001143477,"EUR 0,00 BUNDES DEUTSCH (",4.01,CBF
DE0001102515,"EUR 0,00 BUNDES DEUTSCH (",1.83,CBF
DE000BU0E386,"EUR 0,00 BUNDES DEUTSCH 1",0.09,CBF
DE000BU4K112,"EUR 0,00 BUNDES DEUTSCH 2",2.23,CBF
DE0001141844,"EUR 0,00 BUNDES DEUTSCH 2",0.05,CBF
DE0001142628,"EUR 0,00 BRD (STRIPS COUP",0.61,CBF
DE000BU4K039,"EUR 0,00 BUNDES DEUTSCH 2",1.73,CBF
DE000BU25075,"EUR 2,90 BUNDES DEUTSCH 2",1.20,CBF
DE0003811592,"EUR 0,00 BUNDES DEUTSCH (",3.38,CBF
DE000BU25042,"EUR 2,40 BUNDES DEUTSCH 2",0.76,CBF
DE000BU0E352,"EUR 0,00 BUNDES DEUTSCH 1",0.06,CBF
DE000BU25059,"EUR 2,20 BUNDES DEUTSCH 2",0.88,CBF
DE0001142651,"EUR 0,00 BRD 05-2032",1.35,CBF
DE0001102549,"EUR 0,00 BUNDES DEUTSCH (",2.03,CBF
DE000BU4K138,"EUR 0,00 BUNDES DEUTSCH 2",2.38,CBF
DE000BU2Z015,"EUR 2,60 BUNDES DEUTSCH 2",1.36,CBF
DE0001102440,"EUR 0,50 BUNDES DEUTSCH (",0.28,CBF
DE0001142214,"EUR 0,00 BRD 03-2034",1.84,CBF
DE0001135325,"EUR 4,25 BUNDES DEUTSCH (",2.14,CBF
DE000BU25067,"EUR 2,50 BUNDES DEUTSCH 2",0.99,CBF
DE0001143360,"EUR 0,00 BRD (STRIP CPN) ",1.60,CBF
DE0001030740,"EUR 1,30 BUNDES DEUTSCH (",0.23,CBF
DE0003811600,"EUR 0,00 BUNDES DEUTSCH (",3.59,CBF
DE0003811642,"EUR 0,00 BUNDES DEUTSCH (",4.55,CBF
DE0001142032,"EUR 0,00 BRD (STRIP PRINC",0.17,CBF
DE000BU4K088,"EUR 0,00 BUNDES DEUTSCH 2",6.83,CBF
DE0001143469,"EUR 0,00 BUNDES DEUTSCH (",3.77,CBF
DE0001143386,"EUR 0,00 BUNDES DEUTSCH (",2.10,CBF
DE0003811667,"EUR 0,00 BUNDES DEUTSCH (",4.86,CBF
DE000BU3Z047,"EUR 2,50 BUNDES DEUTSCH 2",1.61,CBF
DE000BU22098,"EUR 1,70 BUNDES DEUTSCH 2",0.12,CBF
DE0001030724,"EUR 0,00 BUNDES DEUTSCH (",4.80,CBF
DE000BU22148,"EUR 2,70 BUNDES DEUTSCH 2",0.51,CBF
DE0001108900,"EUR 0,00 BUNDES DEUTSCH 2",2.69,CBF
DE000BU22106,"EUR 1,90 BUNDES DEUTSCH 2",0.19,CBF
DE000BU2Z064,"EUR 2,90 BUNDES DEUTSCH 2",1.80,CBF
DE0001143436,"EUR 0,00 BUNDES DEUTSCH (",3.12,CBF
DE0003811519,"EUR 0,00 BUNDES DEUTSCH (",1.63,CBF
DE0001102341,"EUR 2,50 BUNDES DEUTSCH (",3.21,CBF
DE000BU0E360,"EUR 0,00 BUNDES DEUTSCH 1",0.08,CBF
DE0001142842,"EUR 0,00 BUNDES DEUTSCH 1",0.09,CBF
DE0001102416,"EUR 0,25 BUNDES DEUTSCH (",0.06,CBF
DE0001102614,"EUR 1,80 BUNDES DEUTSCH (",4.04,CBF
DE000BU25026,"EUR 2,10 BUNDES DEUTSCH 2",0.57,CBF
DE0001142636,"EUR 0,00 BRD (STRIPS COUP",0.81,CBF
DE000BU0E345,"EUR 0,00 BUNDES DEUTSCH 1",0.05,CBF
DE0001142669,"EUR 0,00 BRD 05-2033",1.51,CBF
DE0001108918,"EUR 0,00 BUNDES DEUTSCH 2",1.44,CBF
DE0001142131,"EUR 0 BRD (STRIPS)00-2030",0.81,CBF
DE000BU4Z037,"EUR 0,00 BUNDES DEUTSCH 2",1.53,CBF
DE000BU4K070,"EUR 0,00 BUNDES DEUTSCH 2",1.97,CBF
DE0001143402,"EUR 0,00 BUNDES DEUTSCH (",2.54,CBF
DE0001102556,"EUR 0,00 BUNDES DEUTSCH 2",0.50,CBF
DE000BU3F007,"EUR 2,60 BUNDES DEUTSCH (",2.52,CBF
DE0001102572,"EUR 0,00 BUNDES DEUTSCH (",5.36,CBF
DE000BU4K096,"EUR 0,00 BUNDES DEUTSCH 2",2.14,CBF
DE0001108827,"EUR 0,00 BUNDES DEUTSCH (",0.20,CBF
DE000BU25018,"EUR 2,40 BUNDES DEUTSCH 2",0.48,CBF
DE000BU0E436,"EUR 0,00 BUNDES DEUTSCH 1",0.17,CBF
DE0001143410,"EUR 0,00 BUNDES DEUTSCH (",2.72,CBF
DE0001108744,"EUR 0,00 BUNDES DEUTSCH (",4.55,CBF
DE000BU4K047,"EUR 0,00 BUNDES DEUTSCH 2",6.23,CBF
DE000BU25000,"EUR 2,20 BUNDES DEUTSCH 2",0.31,CBF
DE0001135275,"EUR 4 BRD 05-2037",1.84,CBF
DE0001142701,"EUR 0,00 BRD 05-2037",2.45,CBF
DE0001135226,"EUR 4,75 BRD 03-2034",1.44,CBF
DE000BU4K120,"EUR 0,00 BUNDES DEUTSCH 2",4.67,CBF
DE0003811790,"EUR 0,00 BUNDES DEUTSCH 2",0.58,CBF
DE0001143451,"EUR 0,00 BUNDES DEUTSCH (",3.57,CBF
DE000BU22080,"EUR 2,20 BUNDES DEUTSCH 2",0.07,CBF
DE0001142164,"EUR 0,00 BRD(BUNDESREPUBL",1.10,CBF
DE0001142685,"EUR 0,00 BRD 05-2035",1.94,CBF
DE000BU25034,"EUR 2,50 BUNDES DEUTSCH 2",0.66,CBF
DE0003811477,"EUR 0,00 BUNDES DEUTSCH (",0.73,CBF
DE0001135085,"EUR 4,75 BRD 98-2028",0.40,CBF
DE0001142057,"EUR 0,00 BRD (STRIP PRINC",0.31,CBF
DE000BU2Z007,"EUR 2,30 BUNDES DEUTSCH 2",1.30,CBF
DE0001143444,"EUR 0,00 BUNDES DEUTSCH (",3.36,CBF
DE0001102481,"EUR 0,00 BUNDES DEUTSCH 1",4.80,CBF
DE0001102424,"EUR 0,50 BUNDES DEUTSCH (",0.17,CBF
DE0001135143,"EUR 6,25 BRD 00-2030",0.68,CBF
DE0003811634,"EUR 0,00 BUNDES DEUTSCH (",4.30,CBF
DE0001143394,"EUR 0,00 BUNDES DEUTSCH (",2.34,CBF
DE0003811543,"EUR 0,00 BUNDES DEUTSCH (",2.37,CBF
DE0001102523,"EUR 0,00 BUNDES DEUTSCH 2",0.24,CBF
DE0003811584,"EUR 0,00 BUNDES DEUTSCH (",3.14,CBF
DE000BU2F009,"EUR 2,60 BUNDES DEUTSCH 2",2.52,CBF
DE0001135069,"EUR 5,625 BRD 98-2028",0.26,CBF
DE0001108546,"EUR 0,00 BUNDES DEUTSCH (",3.12,CBF
DE0003811576,"EUR 0,00 BUNDES DEUTSCH (",2.93,CBF
DE000BU4K005,"EUR 0,00 BUNDES DEUTSCH 2",1.53,CBF
DE000BU22122,"EUR 2,10 BUNDES DEUTSCH 2",0.30,CBF
DE0001142610,"EUR 0,00 BRD (STRIP CPN) ",0.31,CBF
DE0001102465,"EUR 0,25 BUNDES DEUTSCH (",0.55,CBF
DE0001108595,"EUR 0,00 BUNDES DEUTSCH (",3.57,CBF
DE0001143352,"EUR 0,00 BRD (STRIP CPN) ",1.43,CBF
DE0001102499,"EUR 0,00 BUNDES DEUTSCH 2",0.74,CBF
DE0001143337,"EUR 0,00 BRD (STRIP CPN) ",0.94,CBF
DE0001135366,"EUR 4,75 BUNDES DEUTSCH (",2.20,CBF
DE0001108660,"EUR 0,00 BUNDES DEUTSCH (",4.01,CBF
DE000BU0E394,"EUR 0,00 BUNDES DEUTSCH 1",0.10,CBF
DE0001143345,"EUR 0,00 BRD (STRIP CPN) ",1.24,CBF
DE0001141851,"EUR 0,00 BUNDES DEUTSCH 2",0.08,CBF
DE000BU3Z005,"EUR 2,30 BUNDES DEUTSCH (",1.30,CBF
DE000BU2Z056,"EUR 2,60 BUNDES DEUTSCH 2",1.70,CBF
DE000BU4K054,"EUR 0,00 BUNDES DEUTSCH 2",3.33,CBF
DE000BU4K104,"EUR 0,00 BUNDES DEUTSCH 2",1.48,CBF
DE0001102432,"EUR 1,25 BUNDES DEUTSCH (",3.75,CBF
DE0003811501,"EUR 0,00 BUNDES DEUTSCH (",1.44,CBF
DE000BU0E378,"EUR 0,00 BUNDES DEUTSCH 0",0.07,CBF
DE0001102531,"EUR 0,00 BUNDES DEUTSCH (",1.00,CBF
DE0001142263,"EUR 0,00 BRD 05-2037",2.45,CBF
DE000BU2Z031,"EUR 2,60 BUNDES DEUTSCH 2",1.53,CBF
DE0001142602,"EUR 0,00 BRD (STRIP CPN) ",0.08,CBF
DE0001102507,"EUR 0,00 BUNDES DEUTSCH 2",0.86,CBF
DE0003811659,"EUR 0,00 BUNDES DEUTSCH (",4.70,CBF
DE0001142693,"EUR 0,00 BRD 05-2036",2.22,CBF
DE000BU22130,"EUR 2,50 BUNDES DEUTSCH 2",0.38,CBF
DE0003811808,"EUR 0,00 BUNDES DEUTSCH 2",0.79,CBF
DE0001142859,"EUR 0,00 BUNDES DEUTSCH 1",0.33,CBF
DE0001143378,"EUR 0,00 BRD (STRIP CPN)0",1.84,CBF
DE0001030708,"EUR 0,00 BUNDES DEUTSCH (",0.86,CBF
DE0001102473,"EUR 0,00 BUNDES DEUTSCH 1",0.64,CBF
DE000BU22114,"EUR 2,00 BUNDES DEUTSCH 2",0.26,CBF
DE000BU0E444,"EUR 0,00 BUNDES DEUTSCH 1",0.20,CBF
DE000BU2D004,"EUR 2,50 BUNDES DEUTSCH (",3.94,CBF
DE0001102598,"EUR FL.R BUNDES DEUTSCH 2",2.27,CBF
DE0003811568,"EUR 0,00 BUNDES DEUTSCH (",2.75,CBF
DE0003811469,"EUR 0,00 BUNDES DEUTSCH (",0.50,CBF
DE0001143329,"EUR 0,00 BRD (STRIP CPN) ",0.70,CBF
DE000BU4K013,"EUR 0,00 BUNDES DEUTSCH 2",1.63,CBF
DE000BU2Z049,"EUR 2,50 BUNDES DEUTSCH 2",1.61,CBF
DE0001108504,"EUR 0,00 BUNDES DEUTSCH (",2.90,CBF
DE0001142677,"EUR 0,00 BRD 05-2034",1.70,CBF
DE0003811451,"EUR 0,00 BUNDES DEUTSCH (",0.20,CBF
DE000BU27006,"EUR 2,40 BUNDES DEUTSCH 2",0.90,CBF
DE0001142644,"EUR 0,00 BRD(STRIP CPN) 0",1.10,CBF
DE0003811626,"EUR 0,00 BUNDES DEUTSCH (",4.03,CBF
DE0001143428,"EUR 0,00 BUNDES DEUTSCH (",2.90,CBF
DE000BU4Z011,"EUR 0,00 BUNDES DEUTSCH 2",1.13,CBF
