GC Pooling® EU Basket as of:,,02.10.2026,
Published List will be updated daily. Please consider eligible collateral may change randomly.,,,
For a current list kindly use the CMAX system,,,
ISIN,Brief Description,Haircut (%),Settlement Location
EU000A19XC51,"EUR 1,25 EUROPEAN UNION (",1.44,CBF
EU000A4EXVK3,"EUR 2,875 EUROPEAN UNION ",1.09,CBF
EU000A3K4C42,"EUR 0,40 EUROPEAN UNION (",2.27,CBF
EU000A4D8KD2,"EUR 3,375 EUROPEAN UNION ",1.86,CBF
EU000A18YZ05,"EUR 1,125 EUROPEAN UNION ",2.03,CBF
EU000A3K7MW2,"EUR 1,625 EUROPEAN UNION ",0.76,CBF
EU000A3K4DW8,"EUR 2,75 EUROPEAN UNION (",1.36,CBF
EU000A3K4DA4,"EUR 0,25 EUROPEAN UNION (",0.02,CBF
EU000A4EQY98,"EUR 0,00 EUROPEAN UNION 0",0.09,CBF
EU000A3K4DK3,"EUR 1,875 EUROPEAN UNION ",2.19,CBF
EU000A2R4FY3,"EUR 0,50 EUROPEAN UNION (",2.01,CBF
EU000A3K4DC0,"EUR 0,875 EUROPEAN UNION ",2.24,CBF
EU000A3LNF05,"EUR 3,125 EUROPEAN UNION ",0.91,CBF
EU000A4EHML3,"EUR 0,00 EUROPEAN UNION 2",0.02,CBF
EU000A3K4DS6,"EUR 2,00 EUROPEAN UNION (",0.25,CBF
EU000A285VM2,"EUR 0,00 EUROPEAN UNION (",1.95,CBF
EU000A4E0858,"EUR 0,00 EUROPEAN UNION (",0.89,CBF
EU000A4ENP68,"EUR 2,375 EUROPEAN UNION ",0.67,CBF
EU000A3LZ0X9,"EUR 3,375 EUROPEAN UNION ",2.42,CBF
EU000A4EG021,"EUR 2,50 EUROPEAN UNION (",0.88,CBF
EU000A4EUY43,"EUR 3,125 EUROPEAN UNION ",1.46,CBF
EU000A3KT6A3,"EUR 0,00 EUROPEAN UNION (",1.01,CBF
EU000A1G1Q17,"EUR 3,375 EUROPEAN UNION ",1.14,CBF
EU000A3KSXE1,"EUR 0,00 EUROPEAN UNION (",1.06,CBF
EU000A283859,"EUR 0,00 EUROPEAN UNION (",0.90,CBF
EU000A28X702,"EUR 0,125 EUROPEAN UNION ",1.93,CBF
EU000A3K4DE6,"EUR 1,125 EUROPEAN UNION ",2.25,CBF
EU000A4EJ3Q5,"EUR 0,00 EUROPEAN UNION 0",0.03,CBF
EU000A4ELKS4,"EUR 0,00 EUROPEAN UNION 0",0.05,CBF
EU000A287074,"EUR 0,00 EUROPEAN UNION (",0.42,CBF
EU000A3K73L1,"EUR 2,125 EUROPEAN UNION ",2.67,CBF
EU000A3K4DD8,"EUR 1,00 EUROPEAN UNION (",1.25,CBF
EU000A4EJF17,"EUR 3,625 EUROPEAN UNION ",2.58,CBF
EU000A3KRJQ6,"EUR 0,00 EUROPEAN UNION (",0.67,CBF
EU000A4EVJR7,"EUR 0,00 EUROPEAN UNION 2",0.14,CBF
EU000A4EMTG8,"EUR 0,00 EUROPEAN UNION 0",0.06,CBF
EU000A3L1DJ0,"EUR 2,50 EUROPEAN UNION (",1.11,CBF
EU000A3KP2Z3,"EUR 0,25 EUROPEAN UNION (",2.12,CBF
EU000A1ZR7H3,"EUR 1,375 EUROPEAN UNION ",0.73,CBF
EU000A1Z6TV6,"EUR 1,50 EUROPEAN UNION (",1.76,CBF
EU000A4ED0K0,"EUR 2,75 EUROPEAN UNION (",1.31,CBF
EU000A3L1CN4,"EUR 2,875 EUROPEAN UNION ",0.73,CBF
EU000A4EPCJ1,"EUR 0,00 EUROPEAN UNION 0",0.08,CBF
EU000A1HBXS7,"EUR 2,50 EUROPEAN UNION (",0.27,CBF
EU000A4ESJ04,"EUR 0,00 EUROPEAN UNION 0",0.11,CBF
EU000A3K4D41,"EUR 3,25 EUROPEAN UNION (",1.63,CBF
EU000A1G6TV9,"EUR 2,875 EUROPEAN UNION ",0.36,CBF
EU000A3K4DP2,"EUR 1,75 EUROPEAN UNION (",1.69,CBF
EU000A3K4EN5,"EUR 3,125 EUROPEAN UNION ",0.56,CBF
EU000A3K4D09,"EUR 2,75 EUROPEAN UNION (",2.21,CBF
EU000A4ET792,"EUR 0,00 EUROPEAN UNION 0",0.13,CBF
EU000A18Z2D4,"EUR 0,75 EUROPEAN UNION (",1.00,CBF
EU000A3KT6B1,"EUR 0,45 EUROPEAN UNION (",3.13,CBF
EU000A3K4ES4,"EUR 3,00 EUROPEAN UNION (",1.72,CBF
EU000A4E0DU7,"EUR 0,00 EUROPEAN UNION 0",0.22,CBF
EU000A3K4D74,"EUR 3,375 EUROPEAN UNION ",2.28,CBF
EU000A4EYPS6,"EUR 0,00 EUROPEAN UNION 0",0.20,CBF
EU000A4EW8B9,"EUR 0,00 EUROPEAN UNION 2",0.17,CBF
EU000A3KM903,"EUR 0,20 EUROPEAN UNION (",2.17,CBF
EU000A1G30R0,"EUR 3,375 EUROPEAN UNION ",2.22,CBF
EU000A3KWCF4,"EUR 0,00 EUROPEAN UNION (",0.54,CBF
EU000A3K4EW6,"EUR 2,875 EUROPEAN UNION ",0.30,CBF
EU000A283867,"EUR 0,10 EUROPEAN UNION (",3.01,CBF
EU000A4ERVC2,"EUR 3,25 EUROPEAN UNION 2",2.03,CBF
EU000A4D5QM6,"EUR 2,625 EUROPEAN UNION ",0.44,CBF
