GC Pooling® INT MXQ Basket as of:,,02.10.2026,
Published List will be updated daily. Please consider eligible collateral may change randomly.,,,
For a current list kindly use the CMAX system,,,
ISIN,Brief Description,Haircut (%),Settlement Location
XS0307424274,"JPY 2,35 ASIAN DEV.BK (RE",0.25,CBL
AU3CB0221034,"AUD 5,00 NORDIC INVEST.BK",0.91,CBL
US459058KL69,"USD 3,625 IBRD-WORLD BANK",0.93,CBL
CH1255924438,"CHF 2,00 PFANDBRIEFBANK S",2.91,CBL
US00828EEZ88,"USD 4,125 AFRICAN DEV.BK ",0.33,CBL
CH1380910369,"CHF 1,125 BERN, KANTON 24",6.74,CBL
CH1538712303,"CHF 1,095 AUSTRIA, REP.OF",9.57,CBL
CH1307181516,"CHF 0,00 SWISS GOVERNMENT",0.38,CBL
XS2193722308,"USD 0,83 IBRD-WORLD BANK ",1.35,CBL
CH1271360385,"CHF 2,0125 WESTPAC BKING ",1.17,CBL
CH1423948566,"CHF 0,535 KFW 25-2033",2.20,CBL
US459058LG65,"USD FL.R IBRD-WORLD BANK ",0.33,CBL
CH0244975063,"CHF 1,50 WINTERTHUR (REGS",1.13,CBL
CH0330938835,"CHF 0,25 PFANDBRIEFBANK S",3.26,CBL
DK0009545865,"SEK FL.R NYKREDIT REALKRE",0.38,CBL
US45905CAA27,"USD 4,75 IBRD 05-2035",2.49,CBL
US459058HJ50,"USD 1,75 IBRD-WORLD BANK ",0.98,CBL
CH1271360591,"CHF 1,46 EUROP.INVEST.BK ",1.98,CBL
AU0000013740,"AUD 2,50 COMMONWEALTH OF ",2.05,CBL
XS2551896546,"SEK 1,00 EUROP.INVEST.BK ",0.40,CBL
CH0228138274,"CHF 2,00 SOLOTHURN, KANTO",3.35,CBL
AU3CB0296598,"AUD 4,20 KFW 23-2029",0.87,CBL
US298785JZ01,"USD 4,00 EUROP.INVEST.BK ",0.75,CBL
CH1454185807,"CHF 0,3725 KFW 25-2032",1.82,CBL
CH0557778815,"CHF 1,25 SWISS GOVERNMENT",5.03,CBL
NO0013354613,"NOK FL.R DNB BOLIGKREDIT ",0.50,CBL
NO0013696419,"NOK FL.R SPAREBNK 1 BOLIK",0.66,CBL
CH1522175699,"CHF 0,8425 AUSTRIA, REP.O",4.18,CBL
XS3519671021,"GBP 0,00 AUSTRIA, REP.OF ",0.61,CBL
XS3526043727,"USD 0,00 AUSTRIA, REP.OF ",0.53,CBL
US45818QAD16,"USD 6,75 INTER-AMERICAN D",0.37,CBL
CA135087Q988,"CAD 4,00 CANADA 23-2029",1.33,CBL
GB00BSGQWZ64,"GBP 0,00 HM TREASURY 3011",0.82,CBL
GB00BSGR5Z04,"GBP 0,00 HM TREASURY 1101",0.82,CBL
CH0217850699,"CHF 2,00 ZURICH, KANTON (",3.27,CBL
CH0387879080,"CHF 0,25 STADT LUGANO (RE",0.52,CBL
CH0505011913,"CHF 0,00 CANTON OF GENEVA",0.70,CBL
CH1306117180,"CHF 1,45 TESSIN, KANTON 2",9.21,CBL
CH1414003496,"CHF 1,00 PFANDBRIEFBANK S",5.54,CBL
GB0002404191,"GBP 6,00 UNITED KINGDOM (",1.28,CBL
CH0117576956,"CHF 2,00 EUROP.INVEST.BK ",1.47,CBL
CH0336352767,"CHF 0,375 PFANDBRIEFBANK ",5.24,CBL
AU0000047003,"AUD 1,50 COMMONWEALTH OF ",2.67,CBL
XS2284257701,"GBP 0,125 NORDIC INVEST.B",0.40,CBL
XS2648467491,"CHF 0,00 AUSTRIA, REP.OF ",0.47,CBL
XS2750331030,"NOK 3,70 CNCL.EU DEV.BK (",0.72,CBL
CH0270586206,"CHF 0,625 LAUSANNE, VILLE",1.45,CBL
XS2111458977,"GBP 0,75 CNCL.EU DEV.BK (",0.40,CBL
GB00B3Y1JG82,"GBP 0,125 UNITED KINGDOM ",1.59,CBL
CH1515238579,"CHF 0,70 PBZ SCHWEIZ. KBK",1.83,CBL
XS3524244046,"USD 0,00 AUSTRIA, REP.OF ",0.53,CBL
CA1350Z7EM25,"CAD 0,00 CANADA 041126",0.57,CBL
AU3CB0298545,"AUD 4,20 IBRD-WORLD BANK ",2.06,CBL
XS3272189302,"GBP 4,25 NATIONWIDE BS (R",2.03,CBL
CH1174335807,"CHF 1,125 PFANDBRIEFBANK ",6.08,CBL
AU0000300535,"AUD 4,75 COMMONWEALTH OF ",7.93,CBL
CA135087S885,"CAD 2,75000 CANADA 25-202",0.57,CBL
XS3519682655,"USD 0,00 EUROP.INVEST.BK ",0.37,CBL
GB00BP9DLZ64,"GBP 0,125 UNITED KINGDOM ",14.52,CBL
AU000KFWHAG0,"AUD 3,20 KFW (REGS) 17-20",0.55,CBL
CH0326213920,"CHF 0,60 ZUER.KANTONABK.Z",7.61,CBL
US045167EG44,"USD 2,75 ASIAN DEV.BK 18-",0.42,CBL
DK0004610243,"DKK 1,00 REALKREDIT DANMA",1.20,CBL
AU3CB0307742,"AUD 4,25 EUROP.INVEST.BK ",0.87,CBL
CH0129766215,"CHF 2,625 ZURICH, STADT (",3.16,CBL
CH0217825337,"CHF 2,00 ST.GALLEN, KANTO",3.26,CBL
US045167EP43,"USD 1,75 ASIAN DEV.BK 19-",0.95,CBL
CA1350Z7E839,"CAD 0,00 CANADA 190527",0.57,CBL
CH0214010677,"CHF 1,52 LUZERN, KANTON (",6.14,CBL
SE0015193313,"SEK 0,50 SWEDEN, KINGDOM ",7.02,CBL
US298785JN70,"USD 1,625 EUROP.INVEST.BK",1.46,CBL
DE000LB2ZWS2,"EUR FL.R LBK BADEN-WUERTT",1.18,CBL
AU3TB0000291,"AUD 5,00 COMMONWEALTH OF ",4.45,CBL
AU3TB0000192,"AUD 3,75 COMMONWEALTH OF ",4.92,CBL
CH0525158397,"CHF 0,00 PFANDBRIEFBANK S",0.40,CBL
XS2672278889,"GBP 5,125 ASIAN DEV.BK 23",0.81,CBL
GB00BNNGP551,"GBP 0,125 UNITED KINGDOM ",3.05,CBL
GB00BMF9LF76,"GBP 4,00 UNITED KINGDOM (",7.79,CBL
EU000A4D7YH6,"SEK 2,59 EUROP.INVEST.BK ",1.29,CBL
AU3CB0236776,"AUD 3,00 ASIAN DEV.BK (RE",0.37,CBL
CH0498589032,"CHF 0,10 NEUCHATEL, CANTO",9.26,CBL
CH1279261163,"CHF 1,70 ZURICH, STADT 23",4.72,CBL
NO0013145631,"NOK FL.R DNB BOLIGKREDIT ",0.34,CBL
NO0013741611,"NOK FL.R NORDEA EIENDOMSK",0.74,CBL
SE0013883238,"SEK 1,00 STADSHYP AB (PUB",0.38,CBL
CH1319968686,"CHF 1,45 PBZ SCHWEIZ. KBK",1.96,CBL
XS2293578592,"SEK 0,25 IBRD-WORLD BANK ",0.85,CBL
CH0440081567,"CHF 1,50 SWISS GOVERNMENT",3.71,CBL
XS3097975315,"GBP 4,375 INTER-AMER.DEV.",1.83,CBL
CH0485261579,"CHF 0,375 CANTON OF GENEV",1.45,CBL
AU3CB0285690,"AUD 2,35 ASIAN DEV.BK 22-",1.78,CBL
AU3CB0295541,"AUD 4,30 KFW 23-2027",0.38,CBL
NO0013708610,"NOK 0,00 NORWAY, KINGDOM ",0.40,CBL
XS3508660944,"USD 0,00 AUSTRIA, REP.OF ",0.53,CBL
CH1455990080,"CHF 0,80 PBZ SCHWEIZ. KBK",1.92,CBL
XS2443432526,"SEK 0,875 IBRD-WORLD BANK",0.67,CBL
XS2364499637,"AUD 1,85 EBRD (REGS) 21-2",3.13,CBL
US222213BB58,"USD 3,625 CNCL.EU DEV.BK ",0.42,CBL
XS2744862959,"GBP 3,875 ASIAN DEV.BK (R",0.40,CBL
CH0224397346,"CHF 0,00 SWISS GOVERNMENT",0.92,CBL
CH0358654942,"CHF 0,60 CANTON OF GENEVA",4.62,CBL
CH1101096621,"CHF 0,00 ZURICH, KANTON 2",2.21,CBL
CH0557779235,"CHF 0,50 SWISS GOVERNMENT",4.38,CBL
XS3435383164,"GBP FL.R ASIAN DEV.BK 26-",0.77,CBL
CH0312512715,"CHF 0,50 PBZ SCHWEIZ. KBK",2.10,CBL
CH1335850314,"CHF 0,9475 INTER-AMER.DEV",1.73,CBL
CH0029008809,"CHF 2,75 KFW 07-2037",2.92,CBL
US222213BD15,"CAD 4,57 CNCL.EU DEV.BK 2",0.37,CBL
US29874QFB59,"USD 4,25 EBRD (REGS) 24-2",2.05,CBL
XS3425735332,"NOK 4,48 KFW (REGS) 26-20",1.60,CBL
NO0013238246,"NOK 3,625 NORWAY, KINGDOM",3.94,CBL
NO0013334169,"NOK FL.R NORDEA EIENDOMSK",0.49,CBL
XS3221850061,"GBP FL.R LLOYDS BANK PLC ",0.51,CBL
US4581X0CY26,"USD 2,375 INTER-AMER.DEV.",0.33,CBL
DK0009548539,"DKK 1,00 NYKREDIT REALKRE",1.38,CBL
US298785KT22,"USD 4,375 EUROP.INVEST.BK",1.91,CBL
CH1371736773,"CHF 1,00 PFANDBRIEFBANK S",5.56,CBL
US045167GK38,"USD 4,375 ASIAN DEV.BK 25",2.26,CBL
XS3280434831,"USD FL.R NORDIC INVEST.BK",0.60,CBL
CH1194355058,"CHF 2,125 PFANDBRIEFBANK ",1.64,CBL
DK0009519357,"DKK 1,00 NYKREDIT REALKRE",0.83,CBL
AU3CB0277291,"AUD 1,30 EUROP.INVEST.BK ",1.54,CBL
US65562QBV68,"USD 3,375 NORDIC INVEST.B",0.33,CBL
US045167FF51,"USD 1,25 ASIAN DEV.BK 21-",0.55,CBL
GB00BSGQS474,"GBP 0,00 HM TREASURY 1611",0.82,CBL
XS0488151548,"USD 0,00 IBRD-WORLD BANK ",4.73,CBL
US459058KY80,"USD 4,75 IBRD-WORLD BANK ",1.95,CBL
CH1409388514,"CHF 0,70 TESSIN, KANTON 2",2.22,CBL
XS3272090195,"GBP 3,75 AFRICAN DEV.BK (",0.90,CBL
CH0211588949,"CHF 1,625 PFANDBRIEFBANK ",1.05,CBL
CH0182337334,"CHF 1,875 WINTERTHUR 12-2",4.04,CBL
CH0419040941,"CHF 0,30 PBZ SCHWEIZ. KBK",0.72,CBL
CH1415780118,"CHF 0,84 AUSTRIA, REP.OF ",5.90,CBL
CH0128891105,"CHF 2,75 PFANDBRIEFBANK S",0.28,CBL
CH0025896942,"CHF 3,125 EUROPEAN INVEST",2.29,CBL
US045167ER09,"USD 1,875 ASIAN DEV.BK 20",1.06,CBL
XS2901992045,"SEK 1,00 NORDIC INVEST.BK",1.55,CBL
AU3CB0319226,"AUD 4,85 EUROP.INVEST.BK ",2.49,CBL
XS3277636877,"GBP 4,00 LANDWIRT.RENTENB",2.04,CBL
CH0494734400,"CHF 0,05 LAUSANNE, VILLE ",11.17,CBL
XS2982069788,"GBP 4,625 AFRICAN DEV.BK ",0.53,CBL
XS3285776236,"GBP 4,125 INTER-AMER.INV.",1.98,CBL
US45906M3D11,"USD 2,50 IBRD-WORLD BANK ",1.64,CBL
XS0464238442,"USD 0,00 EUROP.INVEST.BK ",4.63,CBL
AU3CB0278091,"AUD 1,10 ASIAN DEV.BK 21-",0.51,CBL
CH1101096522,"CHF 0,00 PBZ SCHWEIZ. KBK",0.41,CBL
CH1194355066,"CHF 2,375 PFANDBRIEFBANK ",2.68,CBL
XS3119443557,"GBP 4,125 IBRD-WORLD BANK",1.53,CBL
CH0127181029,"CHF 2,25 SWISS GOVERNMENT",1.54,CBL
EU000A4D7YB9,"SEK 2,933 EUROP.INVEST.BK",1.23,CBL
CH1204259753,"CHF 0,875 ASIAN DEV.BK 22",0.89,CBL
AU0000407256,"AUD 4,25 COMMONWEALTH OF ",4.66,CBL
CH1477384122,"CHF 0,75 PFANDBRIEFBANK S",2.12,CBL
XS2360589217,"EUR 0,01 NATL.AU.BK(AU) (",0.90,CBL
US04517PBT84,"USD 3,875 ASIAN DEV.BK 23",1.89,CBL
CH1392903543,"CHF 1,00 STADT LUGANO 24-",2.94,CBL
CH1415746945,"CHF 0,815 IBRD-WORLD BANK",4.05,CBL
CH1499437213,"CHF 0,50 PFANDBRIEFBANK S",1.29,CBL
CH0181377042,"CHF 1,50 ZURICH, STADT (R",1.67,CBL
CH0117076379,"CHF 1,875 PFANDBRIEFBANK ",1.36,CBL
GB00BZ13DV40,"GBP 0,125 UNITED KINGDOM ",10.87,CBL
CH0485252875,"CHF 0,00 PFANDBRIEFBANK S",6.31,CBL
CH0570576154,"CHF 0,00 PBZ SCHWEIZ. KBK",0.99,CBL
CH1174335781,"CHF 1,00 PFANDBRIEFBANK S",1.11,CBL
CH1450810184,"CHF 1,0175 ONTARIO,PROVIN",3.58,CBL
CA135087T875,"CAD 3,50 CANADA 25-2056",8.82,CBL
CH0254212233,"CHF 1,00 ZURICH, KANTON (",0.31,CBL
US459058KT95,"USD 3,50 IBRD-WORLD BANK ",0.57,CBL
CH1570819594,"CHF 1,2475 QUEENSLAND TR.",5.58,CBL
CH0143383971,"CHF 1,625 PFANDBRIEFBANK ",3.78,CBL
US045167FP34,"USD 3,125 ASIAN DEV.BK 22",0.33,CBL
NO0012806779,"NOK FL.R SPAREBNK 1 BOLIK",0.34,CBL
CH1276531253,"CHF 1,6025 AFRICAN DEV.BK",0.53,CBL
CH0303196148,"CHF 0,25 GRAUBUNDNER KBK.",0.49,CBL
GB00BJLR0J16,"GBP 1,625 UNITED KINGDOM ",8.99,CBL
US45905ADE55,"USD 0,00 IBRD-WORLD BANK ",1.02,CBL
CH0485252818,"CHF 0,25 PFANDBRIEFBANK S",2.13,CBL
XS2747638257,"GBP FL.R SANTANDER UK PL ",0.42,CBL
CH0319415920,"CHF 0,125 PFANDBRIEFBANK ",0.55,CBL
DK0009550865,"DKK 1,00 NYKREDIT REALKRE",0.37,CBL
US29878TAD63,"CAD 5,40 EUROP.INVEST.BK(",4.16,CBL
CH0259810585,"CHF 1,25 PBZ SCHWEIZ. KBK",0.88,CBL
US045167GR80,"USD 4,25 ASIAN DEV.BK 26-",1.41,CBL
XS2338004497,"NOK 1,25 EUROP.INVEST.BK ",0.32,CBL
GB00BSGRCD71,"GBP 0,00 HM TREASURY 0102",0.82,CBL
CH0015803239,"CHF 3,50 SWISS CONFEDERAT",2.03,CBL
US459058JC89,"USD 0,875 IBRD-WORLD BANK",1.17,CBL
CH1306117123,"CHF 1,45 PBZ SCHWEIZ. KBK",3.17,CBL
CA458182EK46,"CAD 3,40 INTER-AMER.DEV.B",0.59,CBL
GB00BSGRGT12,"GBP 0,00 HM TREASURY 1502",0.82,CBL
US45905U2K91,"USD 2,7785 IBRD-WORLD BAN",1.04,CBL
CH1170565662,"CHF 0,90 PBZ SCHWEIZ. KBK",1.84,CBL
CH0112120503,"CHF 2,625 EUROP.INVEST.BK",1.05,CBL
XS1559754822,"USD 2,6975 IBRD-WORLD BAN",0.37,CBL
DK0009924888,"DKK 2,25 DEN DANSKE STAT ",0.39,CBL
CH1191066187,"CHF 1,50 PFANDBRIEFBANK S",1.89,CBL
US045167FV02,"USD 4,00 ASIAN DEV.BK (RE",1.79,CBL
CH0128833289,"CHF 2,625 BASEL-LDSCHFT, ",1.09,CBL
XS2034170717,"SEK 1,04 IBRD-WORLD BANK ",3.52,CBL
CH1221150480,"CHF 1,9575 NATL BK CANADA",0.35,CBL
CH1458320384,"CHF 0,60 SOLOTHURN, KANTO",2.74,CBL
GB00BYYMZX75,"GBP 2,50 UNITED KINGDOM (",8.76,CBL
CH1319968413,"CHF 1,55 PBZ SCHWEIZ. KBK",2.18,CBL
CH0109497690,"CHF 2,75 WINTERTHUR CITY ",1.38,CBL
XS2020698515,"DKK 0,375 NORDIC INVEST.B",4.12,CBL
XS2978050883,"NOK 4,26 LANDWIRT.RENTENB",1.06,CBL
CA135087T388,"CAD 2,75 CANADA 25-2030",2.13,CBL
CH1579254405,"CHF 1,00 PFANDBRIEFBANK S",3.01,CBL
AU000XCLWAS7,"AUD 3,00 COMMONWEALTH OF ",7.78,CBL
XS2856695965,"GBP 4,25 INTL.FIN.CORP. (",1.18,CBL
XS0284501094,"CAD 4,60 EUROP.INVEST.BK ",2.95,CBL
US500769JG03,"USD 0,75 KFW 20-2030",1.51,CBL
DK0002055599,"DKK 1,00 NORDEA KREDIT RE",0.56,CBL
CH1405472106,"CHF 0,85 PBZ SCHWEIZ. KBK",2.02,CBL
SE0030264560,"SEK 0,00 SWEDEN, KINGDOM ",0.47,CBL
XS0070553820,"USD 0,00 EUROP. INVEST. B",0.33,CBL
CH0026213451,"CHF 3,25 OEKB OEST.KONTRO",4.18,CBL
XS1484645616,"EUR 0,00 KAERNTNER AUSG F",1.92,CBL
CA135087S471,"CAD 2,75 CANADA 24-2030",1.87,CBL
US298785JL15,"USD 1,25 EUROP.INVEST.BK ",1.39,CBL
AU0000217101,"AUD 3,00 COMMONWEALTH OF ",3.69,CBL
CH1319968538,"CHF 1,50 PBZ SCHWEIZ. KBK",2.59,CBL
CH1498422885,"CHF FL.R PBZ SCHWEIZ. KBK",3.51,CBL
XS2633544601,"GBP FL.R NATIONWIDE BS (R",0.42,CBL
US459058MC43,"USD 4,50 IBRD-WORLD BANK ",1.91,CBL
US459058LY71,"USD 3,50 IBRD-WORLD BANK ",1.25,CBL
XS3238272903,"EUR 2,912 WESTPAC BKING C",2.06,CBL
CA459056HW08,"CAD 2,90 IBRD-WORLD BANK ",0.69,CBL
CA135087D358,"CAD 2,75 CANADA 14-2048",8.49,CBL
CH0373476693,"CHF 0,50 PBZ SCHWEIZ. KBK",0.61,CBL
XS2436141472,"NOK 1,99 CNCL.EU DEV.BK (",0.32,CBL
CH1242301302,"CHF 1,735 FEDE.CAIS.DESJA",0.43,CBL
CH1353257871,"CHF 1,50 PFANDBRIEFBANK S",0.28,CBL
GB00BVP99897,"GBP 5,25 HM TREASURY (REG",5.06,CBL
AU3CB0239796,"AUD 2,60 LANDWIRT.RENTENB",0.38,CBL
XS1690650392,"SEK 1,4625 LANDWIRT.RENTE",0.38,CBL
DK0009393316,"DKK 1,00 BRFKREDIT AS 17-",0.56,CBL
CH1191066245,"CHF 0,80 ASIAN DEV.BK 22-",0.30,CBL
US500769HS68,"USD 2,875 KFW 18-2028",0.57,CBL
CH0268786982,"CHF 0,625 PBZ SCHWEIZ. KB",0.95,CBL
CH1380910310,"CHF 1,05 PBZ SCHWEIZ. KBK",4.57,CBL
GB00B3MYD345,"GBP 0,625 UNITED KINGDOM ",7.87,CBL
CH0147144361,"CHF 1,50 PFANDBRIEFBANK S",0.37,CBL
SE0017830730,"SEK 1,75 SWEDEN, KINGDOM ",2.88,CBL
US4581X0EV68,"USD 3,75 INTER-AMER.DEV.B",1.14,CBL
AU3CB0338218,"AUD 4,80 KFW 26-2030",1.36,CBL
CH0293026222,"CHF 0,625 PFANDBRIEFBANK ",1.31,CBL
CH0434678394,"CHF 0,625 PFANDBRIEFBANK ",0.57,CBL
CH0591979619,"CHF 0,00 PFANDBRIEFBANK S",4.63,CBL
US298785JQ02,"USD 1,375 EUROP.INVEST.BK",0.33,CBL
CH1194355074,"CHF 2,25 PFANDBRIEFBANK S",6.33,CBL
XS3308964777,"GBP FL.R LLOYDS BANK PLC ",0.42,CBL
GB00B6RNH572,"GBP 3,75 UNITED KINGDOM (",7.19,CBL
XS0638906932,"SEK 4,375 EUROP.INVEST.BK",2.93,CBL
XS2243753360,"SEK 0,125 IBRD-WORLD BANK",0.37,CBL
US298785KJ40,"USD 3,875 EUROP.INVEST.BK",0.54,CBL
CH1305916814,"CHF 1,45 ZURICH, STADT 23",4.28,CBL
US500769JT24,"USD 3,00 KFW 22-2027",0.38,CBL
US500769JY19,"USD 4,125 KFW 23-2033",2.23,CBL
XS1615085864,"EUR 1,375 WESTPAC BKING C",1.96,CBL
SE0015503446,"SEK 0,50 LANSFORSAKRINGAR",0.75,CBL
XS3396019336,"USD 4,50 FINLAND REP.OF (",3.29,CBL
GB00BL68HH02,"GBP 0,375 UNITED KINGDOM ",2.47,CBL
XS2774411016,"EUR 3,319 TSB BANK PLC (R",0.85,CBL
CH0024524966,"CHF 2,50 SWISS GOVERNMENT",2.90,CBL
US29878TBE38,"CAD 4,60 EUROP.INVEST.BK(",2.95,CBL
CH0119542634,"CHF 2,00 EUROP.INVEST.BK ",2.57,CBL
CH0485261520,"CHF 0,125 ZURICH, STADT 2",0.48,CBL
XS0664719779,"SEK 3,50 EUROP.INVEST.BK ",1.66,CBL
XS1191309720,"EUR 0,875 NATL.AU.BK(AU) ",0.40,CBL
AU3CB0305803,"AUD 4,30 IBRD-WORLD BANK ",0.80,CBL
US459058LF82,"USD 4,50 IBRD-WORLD BANK ",1.35,CBL
CH1449583629,"CHF 0,45 UBS AG 25-2030",1.15,CBL
XS0434518550,"EUR FL.R EUROP.INVEST.BK ",1.58,CBL
CH0271288554,"CHF 0,875 PFANDBRIEFBANK ",2.36,CBL
AU3CB0254001,"AUD 3,20 LANDWIRT.RENTENB",0.98,CBL
CH1431488134,"CHF 1,1075 ASIAN DEV.BK 2",2.98,CBL
XS3516276386,"USD 0,00 AUSTRIA, REP.OF ",0.53,CBL
GB00BFX0ZL78,"GBP 1,625 UNITED KINGDOM ",1.25,CBL
SE0004517290,"SEK 2,25 SWEDEN, KINGDOM ",2.30,CBL
CH0384125073,"CHF 0,625 PFANDBRIEFBANK ",1.14,CBL
CA135087M680,"CAD 1,75 CANADA 21-2053",10.37,CBL
CH0228138282,"CHF 2,00 SOLOTHURN, KANTO",4.50,CBL
US4581X0EL86,"USD 4,50 INTER-AMER.DEV.B",1.92,CBL
DK0009549859,"DKK FL.R NYKREDIT REALKRE",0.50,CBL
CH0033596476,"CHF 3,375 EUROP.INVEST.BK",0.31,CBL
DK0009395956,"DKK 1,00 JYSKE REALKREDI ",0.93,CBL
XS2708368365,"USD 5,25 ERSTE ABWICKLUNG",0.49,CBL
XS0415532273,"GBP 4,50 EUROP.INVEST.BK ",1.04,CBL
GB00BMBL1G81,"GBP 0,125 UNITED KINGDOM ",0.82,CBL
XS2586785672,"GBP FL.R TSB BANK PLC (RE",0.42,CBL
CH1553185914,"CHF 0,50 GENF STADT/GENEV",2.01,CBL
US29878TBQ67,"USD 0,00 EUROP.INVEST.BK ",9.81,CBL
US459058LN17,"USD 3,875 IBRD-WORLD BANK",0.95,CBL
CA1350Z7FF64,"CAD 0,00 CANADA 100227",0.57,CBL
CH0182910882,"CHF 1,625 PBZ SCHWEIZ. KB",0.44,CBL
AU3CB0330975,"AUD 4,70 NORDIC INVEST.BK",1.46,CBL
CH1499437262,"CHF 0,77 NORDRHEIN-WESTFA",3.83,CBL
CH1450810226,"CHF 0,5175 AUSTRIA, REP.O",2.76,CBL
CH0338330423,"CHF 0,375 PFANDBRIEFBANK ",4.56,CBL
CH1416172364,"CHF 1,00 WINTERTHUR CITY ",1.88,CBL
US500769KP82,"USD 3,50 KFW (144A) 26-20",0.97,CBL
XS2760775549,"USD 4,125 LANDWIRT.RENTEN",1.56,CBL
EU000A3L6Q75,"GBP 4,25 EUROP.INVEST.BK ",1.53,CBL
CH0536892703,"CHF 0,125 PBZ SCHWEIZ. KB",1.58,CBL
US459058JR58,"USD 1,25 IBRD-WORLD BANK ",1.39,CBL
XS2999676385,"USD 4,375 NORDRHEIN-WESTF",1.25,CBL
CH1455990098,"CHF 1,15 PBZ SCHWEIZ. KBK",4.06,CBL
DK0009550006,"DKK FL.R NYKREDIT REALKRE",0.37,CBL
XS0773669972,"SEK 3,75 EUROP.INVEST.BK ",1.71,CBL
CH0207413185,"CHF 1,875 CANTON TICINO (",4.35,CBL
US4581X0DU94,"USD FL.R INTER-AMER.DEV.B",0.33,CBL
CH1239464568,"CHF 2,10 LAUSANNE, VILLE ",7.21,CBL
US4581X0EM69,"USD 4,375 INTER-AMER.DEV.",0.33,CBL
CH0305765775,"CHF 0,30 WINTERTHUR (REGS",0.50,CBL
GB00BM8Z2S21,"GBP 0,875 UNITED KINGDOM ",3.67,CBL
US298785KG01,"USD 4,50 EUROP.INVEST.BK ",1.06,CBL
CH0373476966,"CHF 0,75 PBZ SCHWEIZ. KBK",2.13,CBL
US045167FL20,"USD 1,875 ASIAN DEV.BK 22",0.79,CBL
CH1204175140,"CHF 1,24 COMMNW.BK(AU) 22",0.94,CBL
XS2610167962,"GBP 3,875 EUROP.INVEST.BK",0.61,CBL
AU0000381832,"AUD 4,25 COMMONWEALTH OF ",4.46,CBL
CH1400000001,"CHF 0,385 KFW 25-2030",1.10,CBL
CH0336352742,"CHF 0,125 PFANDBRIEFBANK ",1.55,CBL
AU000XCLWAU3,"AUD 2,75 COMMONWEALTH OF ",1.23,CBL
XS2281370903,"GBP 0,125 EUROP.INVEST.BK",0.40,CBL
US045167GM93,"USD 3,75 ASIAN DEV.BK (14",1.20,CBL
XS2675294347,"GBP FL.R TSB BANK PLC (RE",0.42,CBL
CA135087WL43,"CAD 5,75 CANADA 98-2029",1.44,CBL
CH0522158895,"CHF 0,00 LUZERN, KANTON (",2.01,CBL
GB00B1L6W962,"GBP FL.R UNITED KINGDOM (",5.51,CBL
CH0547243235,"CHF 0,05 CANTON OF GENEVA",1.33,CBL
CA135087S547,"CAD 3,00 CANADA 24-2027",0.57,CBL
XS3487947957,"GBP 4,75 IBRD-WORLD BANK ",1.88,CBL
AU3CB0254829,"AUD 3,15 INTER-AMER.DEV.B",0.97,CBL
XS2249778080,"GBP 0,25 ASIAN DEV.BK 20-",0.43,CBL
US515110CC65,"USD 3,875 LANDWIRT.RENTEN",0.38,CBL
XS3333014747,"GBP FL.R IBRD-WORLD BANK ",0.51,CBL
XS1560772086,"NOK 2,25 EUROP.INVEST.BK ",2.83,CBL
US4581X0EH74,"USD 4,00 INTER-AMER.DEV.B",0.41,CBL
CH1231094371,"CHF 1,70 BERN STADT 23-20",2.56,CBL
GB00BMF9LJ15,"GBP 0,75 UNITED KINGDOM G",3.95,CBL
XS2563353957,"NOK 3,367 KFW 22-2027",0.39,CBL
CH0361533232,"CHF 0,875 LAUSANNE, VILLE",6.17,CBL
US135087U513,"USD 4,25 CANADA 26-2031",2.43,CBL
EU000A3L6Q18,"NOK 4,125 EUROP.INVEST.BK",1.16,CBL
CA135087U287,"CAD 3,25 CANADA 26-2036",4.62,CBL
XS0102835237,"GBP 4,75 AUSTRIA, REP.OF(",1.71,CBL
XS1561572287,"EUR 1,40 ASIAN DEV.BK (RE",2.71,CBL
US298785JA59,"USD 1,625 EUROP.INVEST.BK",0.97,CBL
US30216BKF84,"USD 4,75 EXPORT DEV.CANAD",2.32,CBL
US298785JH03,"USD 0,75 EUROP.INVEST.BK ",1.28,CBL
US29874QEX88,"USD 4,375 EBRD 23-2028",0.46,CBL
US4581X0EF19,"USD 3,50 INTER-AMER.DEV.B",0.93,CBL
CH0304755157,"CHF 0,75 PFANDBRIEFBANK S",2.26,CBL
CH1206367596,"CHF 2,35 PBZ SCHWEIZ. KBK",2.79,CBL
CH0263432988,"CHF 1,00 PBZ SCHWEIZ. KBK",0.56,CBL
NO0010875230,"NOK 1,375 NORWAY, KINGDOM",1.53,CBL
US45905AQD36,"USD 0,00 IBRD-WORLD BANK ",1.50,CBL
CH0255678341,"CHF 1,375 PFANDBRIEFBANK ",1.70,CBL
XS2469443936,"AUD 3,28 IBRD-WORLD BANK ",1.24,CBL
US500769KM51,"USD 3,50 KFW 25-2028",0.69,CBL
CH0120168486,"CHF 2,125 PFANDBRIEFBANK ",0.61,CBL
CH0419040925,"CHF 1,05 LAUSANNE, VILLE ",6.56,CBL
CH1306117107,"CHF 1,30 PBZ SCHWEIZ. KBK",0.63,CBL
CH0208323458,"CHF 1,75 CANTON OF GENEVA",2.62,CBL
XS1586704022,"USD 2,63 ASIAN DEV.BK 17-",0.37,CBL
CH0428194242,"CHF 0,375 PFANDBRIEFBANK ",0.50,CBL
XS2491214792,"GBP 2,50 INTER-AMER.DEV.B",0.40,CBL
AU3CB0302867,"AUD 4,70 INTER-AMER.DEV.B",1.35,CBL
SE0028001073,"SEK 0,00 SWEDEN, KINGDOM ",0.47,CBL
CH1522256192,"CHF 0,75 PFANDBRIEFBANK S",1.53,CBL
CH0228531460,"CHF 2,00 ZURICH, STADT 13",4.50,CBL
AU0000345241,"AUD 4,25 COMMONWEALTH OF ",4.37,CBL
SE0020679074,"SEK 3,00 SWEDBANK MORTGAG",0.94,CBL
US4581X0EQ73,"USD FL.R INTER-AMER.DEV.B",0.33,CBL
XS1726325563,"EUR 0,00 IBRD-WORLD BANK ",7.61,CBL
US4581X0EB05,"USD 1,50 INTER-AMER.DEV.B",0.33,CBL
AU3CB0295681,"AUD 4,80 ASIAN DEV.BK 23-",1.97,CBL
CH1381197016,"CHF 0,625 PFANDBRIEFBANK ",0.90,CBL
XS2763640815,"GBP 3,875 LANDWIRT.RENTEN",1.05,CBL
AU3CB0254910,"AUD 3,15 INTL.FIN.CORP. 1",0.97,CBL
CH0539032927,"CHF 0,125 PFANDBRIEFBANK ",0.48,CBL
CH1290222442,"CHF 1,80 PBZ SCHWEIZ. KBK",2.10,CBL
US459058LQ48,"USD 4,625 IBRD-WORLD BANK",1.52,CBL
US45905UBH68,"USD 0,00 IBRD-WORLD BANK ",1.31,CBL
CH1544708642,"CHF 0,5925 IBRD-WORLD BAN",1.67,CBL
GB00B3KJDS62,"GBP 4,25 UNITED KINGDOM (",4.94,CBL
CH0353428037,"CHF 0,50 PFANDBRIEFBANK S",0.91,CBL
GB00BNNGP775,"GBP 0,875 UNITED KINGDOM ",8.24,CBL
XS3273845118,"GBP 4,00 EXPORT DEV.CANAD",1.69,CBL
CH1409388506,"CHF 0,95 ZURICH, STADT 25",6.50,CBL
DK0009299729,"DKK 1,00 REALKREDIT DANMA",0.37,CBL
SE0023440151,"SEK 3,00 SKANDINAVISKA EN",1.54,CBL
CH1581468092,"CHF 0,55 ZURICH, KANTON 2",1.52,CBL
XS3519771755,"NOK 4,60 FINLAND REP.OF 2",4.99,CBL
CA1350Z7EZ38,"CAD 0,00 CANADA 240327",0.57,CBL
CH1558922840,"CHF 0,975 ONTARIO,PROVINC",3.88,CBL
DK0009924532,"DKK 2,25 DEN DANSKE STAT ",2.51,CBL
CH1280154324,"CHF 1,75 PFANDBRIEFBANK S",5.17,CBL
CH0398633575,"CHF 0,625 PBZ SCHWEIZ. KB",0.69,CBL
SE0015987540,"SEK 0,50 DANSKE HYPOTEK A",0.38,CBL
CH1498422810,"CHF 0,80 ZURICH, KANTON 2",4.09,CBL
GB00BWBR1P52,"GBP 4,625 HM TREASURY (GI",2.74,CBL
CH1307181508,"CHF 0,00 SWISS GOVERNMENT",0.38,CBL
XS1649149256,"USD 2,383 INTL.FIN.CORP. ",0.37,CBL
CH0361532820,"CHF 0,25 PBZ SCHWEIZ. KBK",0.28,CBL
CH1148266161,"CHF 0,125 PFANDBRIEFBANK ",0.60,CBL
CH1189217859,"CHF 1,90 BERN STADT (REGS",8.71,CBL
US515110CD49,"USD 3,875 LANDWIRT.RENTEN",0.64,CBL
GB00B3LZBF68,"GBP 0,625 UNITED KINGDOM ",6.66,CBL
US459058KU68,"USD 4,00 IBRD-WORLD BANK ",1.17,CBL
EU000A4ETDA0,"SEK 2,68 EUROP.INVEST.BK ",1.08,CBL
US459058JN45,"USD 0,75 IBRD-WORLD BANK ",0.37,CBL
GB00BLH38158,"GBP 1,25 UNITED KINGDOM (",9.03,CBL
NO0012440397,"NOK 2,125 NORWAY, KINGDOM",2.14,CBL
CH1423948541,"CHF 0,62 IBRD-WORLD BANK ",2.64,CBL
XS3271043146,"USD 3,625 NORDRHEIN-WESTF",0.87,CBL
XS3515052739,"USD 0,00 EUROP.INVEST.BK ",0.37,CBL
AU3CB0250850,"AUD 3,635 INTL.FIN.CORP. ",2.19,CBL
CH1540977159,"CHF 0,7775 EUROP.INVEST.B",2.78,CBL
CH0149176171,"CHF 1,50 PFANDBRIEFBANK S",3.41,CBL
CH0205500017,"CHF 1,75 STADT LUGANO (RE",5.95,CBL
CH0212459561,"CHF 1,75 CANTON OF GENEVA",3.06,CBL
XS1555549085,"NOK 2,14 NORDIC INVEST.BK",2.83,CBL
GB00BYZW3J87,"GBP 0,125 UNITED KINGDOM ",5.29,CBL
AU3CB0253821,"AUD 3,30 EUROP.INVEST.BK ",0.94,CBL
GB00BLPK7227,"GBP 0,50 UNITED KINGDOM (",1.43,CBL
XS2689093388,"CAD 4,25 KFW (REGS) 23-20",0.73,CBL
GB00BT7HZZ68,"GBP FL.R HM TREASURY UK S",4.88,CBL
XS3276991059,"GBP 3,875 OEST.KONTROLLBK",2.39,CBL
XS0746621704,"GBP 5,25 SANTANDER UK PLC",0.97,CBL
CH0434678402,"CHF 1,125 PFANDBRIEFBANK ",5.38,CBL
CH0441004410,"CHF 0,75 NEUCHATEL, CANTO",2.96,CBL
CH0537261924,"CHF 0,125 PFANDBRIEFBANK ",0.28,CBL
AU3CB0299428,"AUD 3,85 INTER-AMER.DEV.B",0.82,CBL
CH1458320400,"CHF 0,9925 CANTON TICINO ",8.69,CBL
XS3402929528,"USD 4,25 NORDRHEIN-WESTFA",1.69,CBL
CH1256367173,"CHF 1,75 TESSIN, KANTON 2",1.88,CBL
XS1192988738,"EUR 1,0325 IBRD-WORLD BAN",3.65,CBL
CH0449619052,"CHF 0,25 PFANDBRIEFBANK S",0.28,CBL
US045167FN85,"USD 3,125 ASIAN DEV.BK 22",1.64,CBL
XS0942224352,"NOK 4,00 EUROP.INVEST.BK ",1.91,CBL
AU3CB0236883,"AUD 3,00 IBRD-WORLD BANK ",0.37,CBL
US45950KDL17,"USD FL.R INTL.FIN.CORP. 2",0.33,CBL
US298785KP00,"USD 4,25 EUROP.INVEST.BK ",2.46,CBL
CH1122290187,"CHF 0,00 PFANDBRIEFBANK S",0.36,CBL
XS3276317990,"USD 4,00 LANDWIRT.RENTENB",2.13,CBL
CA1350Z7FG48,"CAD 0,00 CANADA 110827",0.57,CBL
XS2388390507,"EUR 0,01 WESTPAC BKING CO",0.78,CBL
AU3CB0317063,"AUD 4,35 IBRD-WORLD BANK ",1.13,CBL
XS0114126294,"GBP 5,625  EUROP.INVEST.B",1.74,CBL
DK0004607538,"DKK 1,00 REALKREDIT DANMA",0.93,CBL
XS1721365671,"USD FL.R IBRD-WORLD BANK ",0.37,CBL
XS3067881832,"EUR 2,585 WESTPAC BKING C",1.39,CBL
GB00BSGRDR82,"GBP 0,00 HM TREASURY 0802",0.82,CBL
US45905AJA79,"USD 0,00 WORLD BANK (COLT",1.13,CBL
XS1580231303,"SEK 2,125 EUROP.INVEST.BK",3.43,CBL
CH1271360567,"CHF 1,625 CNCL.EU DEV.BK ",0.83,CBL
CA1350Z7FD17,"CAD 0,00 CANADA 140727",0.57,CBL
XS3515051335,"USD 0,00 EUROP.INVEST.BK ",0.37,CBL
XS0202407093,"GBP 4,625 EUROP.INVEST.BK",4.33,CBL
CH1189217891,"CHF 1,45 PBZ SCHWEIZ. KBK",1.14,CBL
GB00BSGR4M00,"GBP 0,00 HM TREASURY 0401",0.82,CBL
XS0768478868,"GBP 3,75 EUROP.INVEST.BK ",0.52,CBL
CH1462230041,"CHF 0,75 PFANDBRIEFBANK S",2.23,CBL
CA045167FD06,"CAD 1,50 ASIAN DEV.BK 21-",0.58,CBL
XS2122575678,"GBP 1,00 IBRD-WORLD BANK ",1.28,CBL
CH1276313322,"CHF 1,75 PFANDBRIEFBANK S",3.01,CBL
CH1331113584,"CHF 1,355 FEDE.CAIS.DESJA",0.32,CBL
XS3000970494,"EUR 2,704 TSB BANK PLC (R",1.17,CBL
US045167EJ82,"USD 3,125 ASIAN DEV.BK SE",0.63,CBL
XS2491626557,"GBP 2,625 EXPORT DEV.CANA",0.44,CBL
CH1243651911,"CHF 1,715 NATL.AU.BK(AU) ",1.97,CBL
US00828EFD67,"USD 3,50 AFRICAN DEV.BK 2",0.93,CBL
XS3510860094,"USD 0,00 EUROP.INVEST.BK ",0.37,CBL
XS2892385225,"GBP FL.R SANTANDER UK PL ",0.42,CBL
CH1452360691,"CHF 0,485 IBRD-WORLD BANK",1.72,CBL
CH1484611442,"CHF 0,6825 LANDWIRT.RENTE",2.79,CBL
CH1353015030,"CHF 1,25 PFANDBRIEFBANK S",5.08,CBL
CH1580409279,"CHF 1,125 PFANDBRIEFBANK ",3.37,CBL
AU3CB0330306,"AUD 4,60 INTER-AMER.DEV.B",1.60,CBL
CH1265890678,"CHF 1,30 BASEL-STADT KANT",0.36,CBL
XS3091993082,"EUR 3,01 IBRD-WORLD BANK ",1.83,CBL
XS0125851286,"GBP 5,20 NORDIC INVEST.BK",1.95,CBL
DK0004602570,"DKK 1,00 REALKREDIT DANMA",0.37,CBL
US4581X0DC96,"USD 3,125 INTER-AMER.DEV.",0.63,CBL
CH0460054429,"CHF 0,875 PFANDBRIEFBANK ",4.32,CBL
CH1148728178,"CHF 0,375 PBZ SCHWEIZ. KB",1.95,CBL
AU0000274706,"AUD 3,50 COMMONWEALTH OF ",4.09,CBL
CH0199419992,"CHF 1,375 GENEVA (CITY OF",1.32,CBL
CH0236516834,"CHF 1,75 ZURICH, STADT (R",0.75,CBL
US045167FB48,"USD 1,50 ASIAN DEV.BK 21-",1.40,CBL
US4581X0EJ31,"USD 3,50 INTER-AMER.DEV.B",1.87,CBL
SE0013105764,"SEK FL.R STADSHYP AB (PUB",0.38,CBL
CH1337249044,"CHF 1,15 BASEL-LDSCHFT, K",2.03,CBL
XS0293707377,"SEK 4,00 EUROP.INVEST.BK ",0.77,CBL
XS2764875584,"USD 4,375 NORDRHEIN-WESTF",0.39,CBL
XS3526057511,"USD 0,00 AUSTRIA, REP.OF ",0.53,CBL
CH0193395537,"CHF 1,25 NEUCHATEL, CANTO",0.43,CBL
CH0297343565,"CHF 0,50 SOLOTHURN, KANTO",1.25,CBL
CH0370943547,"CHF 0,25 PFANDBRIEFBANK S",0.28,CBL
US676167CN72,"USD 3,75 OEST.KONTROLLBK ",1.54,CBL
XS3377509586,"GBP FL.R SANTANDER UK PL ",0.56,CBL
NL0010107975,"EUR 0,00 DUTCH STATE (PRI",2.21,CBL
GB00BZ1NTB69,"GBP 0,125 UNITED KINGDOM ",1.18,CBL
SE0013486156,"SEK 1,00 SWEDISH COVERED ",1.40,CBL
CA135087N597,"CAD 2,00 CANADA 22-2032",3.01,CBL
US459058KA05,"USD 1,625 IBRD-WORLD BANK",1.56,CBL
SE0016828529,"SEK 1,00 SWEDBANK MORTGAG",0.38,CBL
CH0222000413,"CHF 2,125 ZURICH, STADT 1",2.05,CBL
CH1206367422,"CHF 1,85 PBZ SCHWEIZ. KBK",2.70,CBL
XS3386669694,"EUR 3,331 COMMNW.BK(AU) (",2.19,CBL
US29874QFF63,"USD 4,25 EBRD 26-2031",1.40,CBL
XS0084124725,"AUD 0,00 EBRD 98-2028",0.50,CBL
CH0307256427,"CHF 0,25 PBZ SCHWEIZ. KBK",0.39,CBL
GB00B73ZYW09,"GBP 0,25 UNITED KINGDOM (",12.17,CBL
US298785JE71,"USD 0,875 EUROP.INVEST.BK",1.17,CBL
CA135087H235,"CAD 2,00 CANADA 17-2028",0.94,CBL
XS2667017136,"NOK 4,50 NORDIC INVEST.BK",0.49,CBL
XS0411137317,"EUR 0,00 EUROP.INVEST.BK ",0.66,CBL
XS0478668121,"USD 0,00 EUROP.INVEST.BK ",1.21,CBL
AU3CB0246999,"AUD 3,25 LANDWIRT.RENTENB",0.57,CBL
CH1214797131,"CHF 2,00 PFANDBRIEFBANK S",2.10,CBL
XS2552878857,"NOK 3,75 EUROP.INVEST.BK ",0.51,CBL
CH1399999999,"CHF 0,8275 INTER-AMER.DEV",1.93,CBL
XS0472958072,"USD 0,00 IBRD-WORLD BANK ",4.67,CBL
US515110BT00,"USD 2,50 LANDWIRT.RENTENB",0.42,CBL
XS2689964869,"NOK 4,25 KFW (REGS) 23-20",0.65,CBL
GB00BSGRNX41,"GBP 0,00 HM TREASURY 1503",0.82,CBL
CA1350Z7FH21,"CAD 0,00 CANADA 100327",0.57,CBL
XS2795569925,"GBP FL.R NATL WESTMIN BK ",0.42,CBL
CH1266847263,"CHF 1,80 PBZ SCHWEIZ. KBK",0.83,CBL
US459058FT50,"USD 1,875 IBRD-WORLD BANK",0.33,CBL
GB00BMV7TC88,"GBP 3,25 UNITED KINGDOM (",3.19,CBL
AU3CB0293975,"AUD 4,45 INTL.FIN.CORP. 2",0.37,CBL
US045167GD94,"USD 4,375 ASIAN DEV.BK 24",0.76,CBL
SE0025137862,"SEK 2,50 SWEDEN, KINGDOM ",3.56,CBL
GB00BJQWYH73,"GBP 1,25 UNITED KINGDOM (",6.58,CBL
CA135087U444,"CAD 2,50 CANADA 26-2028",0.89,CBL
XS0282506657,"JPY 2,15 EUROP.INVEST.BK ",0.25,CBL
CH0319403785,"CHF 0,30 PBZ SCHWEIZ. KBK",1.33,CBL
AU0000075681,"AUD 1,25 COMMONWEALTH OF ",3.14,CBL
US298785JW79,"USD 3,625 EUROP.INVEST.BK",1.17,CBL
CH0419041188,"CHF 0,50 PBZ SCHWEIZ. KBK",2.13,CBL
CH1290222509,"CHF 1,70 CANTON TICINO 23",2.85,CBL
CH0228622392,"CHF 2,125 PFANDBRIEFBANK ",2.18,CBL
GB00BQC82D08,"GBP 4,375 HM TREASURY UK ",5.01,CBL
CH1449583728,"CHF 0,6525 INTER-AMER.DEV",2.57,CBL
US045167AZ60,"USD 6,375 ASIAN DEV.BK 98",0.70,CBL
CH0209002341,"CHF 1,50 LAUSANNE, VILLE ",0.64,CBL
CH0440081401,"CHF 0,00 SWISS GOVERNMENT",4.24,CBL
CH1495868031,"CHF 0,875 PFANDBRIEFBANK ",2.98,CBL
CA045167GC14,"CAD 4,10 ASIAN DEV.BK 24-",0.37,CBL
CH1306117115,"CHF 1,40 PBZ SCHWEIZ. KBK",1.46,CBL
GB00BSGP4801,"GBP 0,00 HM TREASURY 1910",0.82,CBL
CH0020632144,"CHF 2,875 OEST.KONTROLLBK",1.61,CBL
XS1695323383,"EUR 0,00 AFRICAN DEV.BK 1",9.01,CBL
DK0006360375,"DKK 1,00 DLR KREDIT AS 23",0.93,CBL
CH0367206759,"CHF 0,25 ONTARIO,PROVINCE",1.16,CBL
US45950KCX63,"USD 0,75 INTL.FIN.CORP. 2",0.33,CBL
CH1383924755,"CHF 1,00 BERN STADT 25-20",6.90,CBL
GB00BMY62Z61,"GBP 1,75 HM TREASURY (REG",5.61,CBL
CH1495868023,"CHF 0,75 PFANDBRIEFBANK S",2.07,CBL
CH1495868049,"CHF 1,125 PFANDBRIEFBANK ",4.15,CBL
NO0010786288,"NOK 1,75 NORWAY, KINGDOM ",0.40,CBL
GB00BWGDRG14,"GBP 4,625 UNITED KINGDOM ",3.65,CBL
DK0009922320,"DKK 4,50 DENMARK, KINGDOM",3.86,CBL
US515110BY94,"USD 0,875 LANDWIRT.RENTEN",1.48,CBL
XS2226974504,"SEK 0,125 SWEDEN, KINGDOM",1.83,CBL
CH1423948533,"CHF 0,595 LANDWIRT.RENTEN",2.17,CBL
CA135087XG49,"CAD 5,75 CANADA, GOVT. OF",3.19,CBL
GB00BD0XH204,"GBP 1,75 UNITED KINGDOM (",8.98,CBL
XS2524004350,"NOK 3,00 NORDIC INVEST.BK",0.32,CBL
SE0013884962,"SEK 2,50 STADSHYP AB (PUB",1.25,CBL
CH1348614178,"CHF 1,25 ZURICH, STADT 24",2.57,CBL
GB00BSQNRD01,"GBP 4,375 UNITED KINGDOM ",1.98,CBL
US459058LR21,"USD 4,125 IBRD-WORLD BANK",1.07,CBL
XS3525931682,"USD 0,00 AUSTRIA, REP.OF ",0.53,CBL
CH0297132364,"CHF 1,00 PFANDBRIEFBANK S",2.54,CBL
CH0373476420,"CHF 0,65 PBZ SCHWEIZ. KBK",1.78,CBL
XS2035558571,"USD 2,25 INTL.FIN.CORP. (",2.55,CBL
AU3CB0317923,"AUD 4,95 IBRD-WORLD BANK ",2.46,CBL
CH0419040891,"CHF 0,50 BASEL-STADT KANT",2.26,CBL
XS2101346208,"USD 1,75 LANDWIRT.RENTENB",0.38,CBL
NO0012767831,"NOK FL.R DANSKE BANK AS 2",0.34,CBL
US4581X0CE61,"USD 4,375 INTER-AMER.DEV.",4.12,CBL
XS2332979769,"GBP 0,75 ASIAN DEV.BK 21-",0.47,CBL
XS2431006233,"GBP 1,25 IBRD-WORLD BANK ",0.88,CBL
GB00BVP99780,"GBP 4,125 UNITED KINGDOM ",3.16,CBL
US45950KDQ04,"USD 3,50 INTL.FIN.CORP. 2",0.73,CBL
XS1908251322,"SEK 1,23 LANDWIRT.RENTENB",0.81,CBL
CH0484360380,"CHF 0,25 ZURICH, KANTON (",3.84,CBL
XS2400452228,"NOK 1,625 NORDIC INVEST.B",0.33,CBL
XS3067509250,"NOK 3,97 INTL.FIN.CORP. (",0.50,CBL
CH0508785711,"CHF 0,125 PFANDBRIEFBANK ",1.45,CBL
XS2351389569,"GBP 0,805 NORDIC INVEST.B",0.74,CBL
US298785KF28,"USD 3,75 EUROP.INVEST.BK ",0.97,CBL
XS2744169637,"GBP 3,75 KFW (REGS) 24-20",1.02,CBL
XS3517400357,"USD 0,00 AUSTRIA, REP.OF ",0.53,CBL
AU3CB0295673,"AUD 4,25 ASIAN DEV.BK 23-",0.46,CBL
XS2584128263,"GBP 3,75 KFW (REGS) 23-20",0.46,CBL
CH0199773232,"CHF 1,125 SOLOTHURN, KANT",0.36,CBL
GB00B128DP45,"GBP 4,25 UNITED KINGDOM (",6.33,CBL
US45950VUS32,"USD 3,875 INTL.FIN.CORP. ",1.15,CBL
US45906M6U09,"USD 4,50 IBRD-WORLD BANK ",2.49,CBL
CH0323735628,"CHF 0,125 PFANDBRIEFBANK ",0.34,CBL
GB00BFWFPP71,"GBP 1,75 UNITED KINGDOM (",8.02,CBL
CH1392903626,"CHF 0,90 PBZ SCHWEIZ. KBK",2.82,CBL
CH0280569135,"CHF 0,625 PFANDBRIEFBANK ",2.04,CBL
XS2312268001,"AUD 2,067 INTER-AMER.DEV.",1.56,CBL
EU000A4EDR27,"GBP FL.R EUROP.INVEST.BK ",0.40,CBL
CH1170565803,"CHF 1,40 PBZ SCHWEIZ. KBK",1.63,CBL
CA1350Z7EK68,"CAD 0,00 CANADA 071026",0.57,CBL
EU000A3LUMF5,"GBP 4,00 EUROP.INVEST.BK ",0.93,CBL
CH1341034986,"CHF 1,375 PFANDBRIEFBANK ",7.17,CBL
CH1512676821,"CHF 0,63 CIBC CANADA 26-2",1.38,CBL
US459058JF11,"USD FL.R IBRD-WORLD BANK ",0.33,CBL
CH0008680370,"CHF 4 SWISS, CONFED.(TAX ",0.51,CBL
DK0009529075,"DKK 1,00 NYKREDIT REALKRE",1.56,CBL
CA458182DB55,"CAD 0,00 INTER-AMER.DEV.B",0.37,CBL
XS3006160033,"GBP 4,25 KFW (REGS) 25-20",1.47,CBL
SE0027099359,"SEK 3,00 SWEDBANK MORTGAG",1.78,CBL
CH0344958472,"CHF 0,50 SWISS GOVERNMENT",8.64,CBL
AU3CB0288686,"AUD 3,545 AFRICAN DEV.BK ",1.96,CBL
US65562QC524,"USD 4,25 NORDIC INVEST.BK",0.91,CBL
XS1987805618,"SEK 0,00 EUROP.INVEST.BK ",1.64,CBL
AU3CB0283950,"AUD 1,35 IBRD-WORLD BANK ",0.37,CBL
CH0508785752,"CHF 0,25 ZURICH, STADT (R",3.80,CBL
CH0528881227,"CHF 0,25 PROV OF ALBERTA ",0.66,CBL
CH1105672740,"CHF 0,375 PFANDBRIEFBANK ",4.70,CBL
XS2802087283,"USD FL.R EBRD 24-2029",0.37,CBL
XS3067883960,"GBP 3,875 INTL.FIN.CORP. ",0.40,CBL
XS2577530855,"SEK 2,875 INTL.FIN.CORP. ",0.47,CBL
AU3CB0240133,"AUD 2,50 INTER-AMER.DEV.B",0.37,CBL
CH1371736757,"CHF 1,00 PFANDBRIEFBANK S",1.85,CBL
CH0553331866,"CHF 0,25 PFANDBRIEFBANK S",3.95,CBL
CH0575017071,"CHF 0,00 PFANDBRIEFBANK S",0.88,CBL
XS2397077426,"EUR 0,125 COMMNW.BK(AU) (",1.20,CBL
US298785KE52,"USD 4,375 EUROP.INVEST.BK",1.46,CBL
GB00BSGQFR99,"GBP 0,00 HM TREASURY 1210",0.82,CBL
AU3CB0271914,"AUD 1,50 INTL.FIN.CORP. (",2.83,CBL
US298785JT41,"USD 3,25 EUROP.INVEST.BK ",0.36,CBL
CH1310346320,"CHF 1,30 TESSIN, KANTON 2",3.39,CBL
CH0190369378,"CHF 1,50 PFANDBRIEFBANK S",1.87,CBL
GB00BYMWG366,"GBP FL.R UNITED KINGDOM (",9.91,CBL
CH0336587719,"CHF 0,00 PBZ SCHWEIZ. KBK",0.28,CBL
CH0434678436,"CHF 1,20 LAUSANNE, VILLE ",4.34,CBL
XS2987626509,"GBP 4,50 EXPORT DEV.CANAD",1.40,CBL
AU3CB0334019,"AUD XXX EUROP.INVEST.BK 2",1.63,CBL
XS2441555880,"SEK 0,823 AFRICAN DEV.BK ",0.36,CBL
GB00B7RN0G65,"GBP 0,125 UNITED KINGDOM ",8.86,CBL
DK0009404378,"DKK 1,00 JYSKE REALKREDI ",1.64,CBL
XS2440682438,"SEK 0,875 EBRD (REGS) 22-",0.85,CBL
DK0002062967,"DKK 1,00 NORDEA KREDIT RE",1.64,CBL
US45905APM44,"USD 0,00 WORLD BANK 90-20",1.45,CBL
CH0126325353,"CHF 2,375 NSW.TREAS.CORP ",5.24,CBL
CH0319415938,"CHF 0,375 PFANDBRIEFBANK ",1.50,CBL
CH0357676169,"CHF 0,375 PBZ SCHWEIZ. KB",0.28,CBL
AU3CB0245884,"AUD 3,30 EUROP.INVEST.BK ",0.48,CBL
XS3013013241,"EUR 2,845 NATL.AU.BK(AU) ",1.84,CBL
AU3CB0243806,"AUD 3,20 INTL.FIN.CORP. (",0.38,CBL
CH0119858659,"CHF 2,00 AARGAU KANTON (R",0.68,CBL
XS1357027652,"EUR 1,625 COMMNW.BK(AU) (",1.68,CBL
AU3CB0259398,"AUD 2,90 CNCL.EU DEV.BK 1",1.00,CBL
XS2230650405,"SEK 0,375 EUROP.INVEST.BK",1.43,CBL
CH1189217917,"CHF 1,80 PBZ SCHWEIZ. KBK",2.54,CBL
XS0138038624,"GBP 5,75 KFW INTL.FIN.INC",2.01,CBL
CH0192241278,"CHF 1,375 PFANDBRIEFBANK ",0.32,CBL
US045167EE95,"USD 2,50 ASIAN DEV.BK 17-",0.35,CBL
CA135087P576,"CAD 3,50 CANADA 22-2028",0.79,CBL
XS1952948104,"EUR 0,875 COMMNW.BK(AU) (",0.94,CBL
CH1206367406,"CHF 1,50 PBZ SCHWEIZ. KBK",0.85,CBL
XS3006188042,"GBP 4,25 EBRD (REGS) 25-2",0.81,CBL
GB00BT7J0027,"GBP 4,50 HM TREASURY (REG",3.90,CBL
CH0031226134,"CHF 3,25 PFANDBRIEFBANK S",0.32,CBL
US298785JR84,"USD 1,75 EUROP.INVEST.BK ",0.79,CBL
XS2305266137,"GBP FL.R NATIONWIDE BS (R",0.54,CBL
CH1148728269,"CHF 0,65 PBZ SCHWEIZ. KBK",1.60,CBL
CH0550413386,"CHF 0,00 LAUSANNE, VILLE ",8.93,CBL
CH1228837873,"CHF 3,00 NEUCHATEL, CANTO",0.43,CBL
CH1381197081,"CHF 0,5475 NORDRHEIN-WEST",2.24,CBL
XS2115145406,"GBP FL.R SANTANDER UK PL ",0.42,CBL
CH0319415946,"CHF 0,50 PFANDBRIEFBANK S",2.51,CBL
CH0428194259,"CHF 1,00 PFANDBRIEFBANK S",4.76,CBL
GB00BM8Z2V59,"GBP 1,50 UNITED KINGDOM (",8.99,CBL
CH1206367521,"CHF 2,10 PBZ SCHWEIZ. KBK",1.05,CBL
XS2367214850,"GBP FL.R LLOYDS BANK PLC ",0.59,CBL
GB00BT7J0134,"GBP 1,875 HM TREASURY (RE",9.35,CBL
CH1458320335,"CHF 1,00 PFANDBRIEFBANK S",7.60,CBL
AU3CB0272201,"AUD 1,40 EUROP.INVEST.BK ",1.31,CBL
XS2911777782,"USD FL.R NORDIC INVEST.BK",0.33,CBL
DK0009549347,"DKK FL.R NYKREDIT REALKRE",0.37,CBL
AU3CB0243251,"USD 3,80 ASIAN DEV.BK 17-",1.78,CBL
NO0012513532,"NOK FL.R NORDEA EIENDOMSK",0.34,CBL
CH1373904536,"CHF 1,00 WINTERTHUR 24-20",8.94,CBL
XS3506171837,"EUR 3,375 ROYAL BK.CANADA",1.68,CBL
US459058JZ74,"USD 1,125 IBRD-WORLD BANK",0.63,CBL
SE0021515202,"SEK 3,25 DANSKE HYPOTEK A",1.19,CBL
CH1435801241,"CHF 1,207 IBRD-WORLD BANK",5.16,CBL
US4581X0FB95,"USD 4,25 INTER-AMER.DEV.B",1.07,CBL
GB00BVP99566,"GBP 4,00 UNITED KINGDOM 2",1.56,CBL
NO0013756163,"NOK 0,00 NORWAY, KINGDOM ",0.40,CBL
CH0184911961,"CHF 1,50 CANTON OF GENEVA",0.43,CBL
AU3CB0276160,"AUD 0,75 INTL.FIN.CORP. 2",0.60,CBL
CH1325037062,"CHF 0,70 BASEL-STADT KANT",1.22,CBL
CH1474857005,"CHF 0,8225 SASKATCHEWAN P",3.63,CBL
AU000XCLWAX7,"AUD 2,75 COMMONWEALTH OF ",1.78,CBL
US500769KN35,"USD 3,75 KFW 26-2031",1.58,CBL
XS2448411558,"SEK 1,25 IBRD-WORLD BANK ",0.87,CBL
US222213BG46,"USD 4,50 BANQUE DEVELOPP ",1.01,CBL
CH1409388522,"CHF 1,0885 CANTON TICINO ",8.71,CBL
GB00BQC82B83,"GBP 4,125 HM TREASURY (RE",1.65,CBL
CH1356570346,"CHF 0,7425 IBRD-WORLD BAN",2.38,CBL
XS0200950326,"GBP 4,875 KFW 04-2037",2.96,CBL
XS2523870215,"USD 2,941 INTER-AMER.DEV.",1.95,CBL
US00828EFJ38,"USD 4,50 AFRICAN DEV.BK 2",2.30,CBL
XS2762360670,"GBP 3,875 EBRD 24-2029",0.92,CBL
CA135087T958,"CAD 2,25 CANADA 25-2028",0.75,CBL
DK0009925265,"DKK 2,00 DEN DANSKE STAT ",0.83,CBL
CH1552014370,"CHF 0,625 PFANDBRIEFBANK ",0.80,CBL
US00828EFH71,"USD 3,875 AFRICAN DEV.BK ",0.54,CBL
US30216BKT88,"USD 4,25 EXPORT DEV.CANAD",1.61,CBL
CH1239494995,"CHF 1,875 PFANDBRIEFBANK ",1.71,CBL
XS2594800356,"USD 1,00 IBRD-WORLD BANK ",0.52,CBL
US04517PBK75,"USD FL.R ASIAN DEV.BK 22-",0.33,CBL
CH0319403744,"CHF 0,05 PBZ SCHWEIZ. KBK",0.28,CBL
AU3CB0316123,"AUD 4,90 INTL.FIN.CORP. 2",2.43,CBL
XS3104349736,"SEK 2,468 NORDIC INVEST.B",1.32,CBL
NO0013012559,"NOK FL.R DANSKE BANK AS 2",0.34,CBL
EU000A3L6Q83,"NOK 4,215 EUROP.INVEST.BK",2.65,CBL
CH1380910351,"CHF 0,90 BERN, KANTON 24-",2.92,CBL
CH0344583817,"CHF 0,375 PBZ SCHWEIZ. KB",0.59,CBL
CH0536892711,"CHF 0,20 PBZ SCHWEIZ. KBK",4.86,CBL
CA135087Q491,"CAD 3,25 CANADA 23-2028",1.07,CBL
EU000A3LSRN2,"GBP 3,625 EUROP.INVEST.BK",1.69,CBL
US500769KJ23,"USD 3,875 KFW 25-2028",0.61,CBL
XS2474955924,"GBP 2,125 LANDWIRT.RENTEN",1.00,CBL
US676167CU16,"USD 4,375 OEST.KONTROLLBK",2.45,CBL
CH0536893198,"CHF 0,00 PBZ SCHWEIZ. KBK",0.49,CBL
XS3524456491,"GBP 0,00 AUSTRIA, REP.OF ",0.61,CBL
CA135087VW17,"CAD 8 CANADA 96-2027",0.57,CBL
GB00BN65R313,"GBP 3,50 UNITED KINGDOM (",6.29,CBL
XS1218809389,"EUR 0,50 IBRD-WORLD BANK ",0.81,CBL
CH0270373803,"CHF 1,00 SOLOTHURN, KANTO",5.10,CBL
CH1306117073,"CHF 1,45 ZURICH, KANTON 2",2.41,CBL
XS3200743980,"GBP 4,25 INTL.FIN.CORP. (",1.58,CBL
CH1232107032,"CHF 1,70 PBZ SCHWEIZ. KBK",1.16,CBL
US298785HM16,"USD 2,375 EUROP.INVEST.BK",0.33,CBL
XS3010602111,"USD 4,375 BK OF ENGLAND (",0.48,CBL
GB00BSGR0D39,"GBP 0,00 HM TREASURY 1412",0.82,CBL
US4581X0DX34,"USD 1,125 INTER-AMER.DEV.",0.58,CBL
US676167CM99,"USD 4,75 OEST.KONTROLLBK ",0.55,CBL
AU3CB0250652,"AUD 3,30 IBRD-WORLD BANK ",0.67,CBL
US500769KD52,"USD 4,375 KFW 24-2034",2.38,CBL
XS1824451428,"NOK 2,50 NORDIC INVEST.BK",3.08,CBL
CH0398633492,"CHF 0,75 PBZ SCHWEIZ. KBK",1.68,CBL
XS3391836510,"USD 4,25 FINNVERA PLC (RE",10.08,CBL
CH1533150947,"CHF 0,75 PFANDBRIEFBANK S",3.05,CBL
US45950KDR86,"USD 4,25 INTL.FIN.CORP. 2",1.43,CBL
CH0387879049,"CHF 0,50 CANTON OF GENEVA",2.17,CBL
AU0000101792,"AUD 1,00 COMMONWEALTH OF ",2.89,CBL
US45950KDF49,"USD 4,375 INTL.FIN.CORP. ",0.33,CBL
SE0013361284,"SEK 3,50 NORDEA HYPOTEK (",1.14,CBL
XS3028070608,"GBP 4,375 NORDRHEIN-WESTF",0.93,CBL
CA135087ZS68,"CAD 3,50 CANADA 11-2045",7.44,CBL
CH1101096548,"CHF 0,20 PBZ SCHWEIZ. KBK",2.79,CBL
SE0019175548,"SEK 3,00 SWEDBANK MORTGAG",0.55,CBL
CA458182EL29,"CAD 4,60 INTER-AMER.DEV.B",0.85,CBL
CH1414519608,"CHF 0,635 INTL.FIN.CORP. ",1.61,CBL
US459058MB69,"USD FL.R IBRD-WORLD BANK ",0.67,CBL
CH0536892745,"CHF 0,10 ZURICH, KANTON 2",5.61,CBL
XS2293581620,"AUD 1,58 IBRD-WORLD BANK ",3.06,CBL
CA135087M276,"CAD 1,50 CANADA 21-2031",2.57,CBL
CA135087S968,"CAD 3,00 CANADA (144A) 25",2.82,CBL
CH0142132031,"CHF 1,50 CANTON OF GENEVA",0.56,CBL
CH0217825311,"CHF 1,75 ST.GALLEN, KANTO",0.55,CBL
XS2086462657,"DKK 0,20 IBRD-WORLD BANK ",4.29,CBL
XS2978922313,"GBP 4,50 INTL.FIN.CORP. (",0.53,CBL
AU3CB0277796,"AUD 1,90 EUROP.INVEST.BK ",3.02,CBL
CH1319968694,"CHF 1,45 PBZ SCHWEIZ. KBK",3.77,CBL
US65562QC292,"USD 3,75 NORDIC INVEST.BK",1.11,CBL
CH1321481454,"CHF 1,4825 TOR-DOMINION B",0.75,CBL
CH1344316737,"CHF 1,5225 MANITOBA, PROV",3.07,CBL
CH1148728251,"CHF 0,35 PBZ SCHWEIZ. KBK",0.28,CBL
XS2671017874,"NOK 4,25 KFW 23-2029",0.76,CBL
GB00B4PTCY75,"GBP 0,375 UNITED KINGDOM ",14.76,CBL
CH0401956823,"CHF 1,10 LAUSANNE, VILLE ",4.50,CBL
US4581X0EG91,"USD FL.R INTER-AMER.DEV.B",0.37,CBL
US298785KM78,"USD 3,875 EUROP.INVEST.BK",1.23,CBL
US65562QBW42,"USD 4,375 NORDIC INVEST.B",0.46,CBL
AU3CB0337095,"AUD 4,80 INTL.FIN.CORP. 2",1.71,CBL
CH1537606845,"CHF 1,25 CANTON OF GENEVA",8.73,CBL
US298785DL78,"EUR 4,00 EUROP.INVEST.BK ",1.95,CBL
AU000XCLWAR9,"AUD 2,25 COMMONWEALTH OF ",0.95,CBL
CA45950KDP27,"CAD 2,55 INTL.FIN.CORP. 2",0.83,CBL
CH0451141417,"CHF 0,95 ZURICH, STADT 18",4.57,CBL
CH0419041170,"CHF 0,20 PBZ SCHWEIZ. KBK",0.84,CBL
GB00BMGR2809,"GBP 0,25 UNITED KINGDOM (",2.94,CBL
XS2569312577,"EUR FL.R NORDIC INVEST.BK",0.37,CBL
GB0004893086,"GBP 4,25 UNITED KINGDOM (",2.84,CBL
CH0469273509,"CHF 0,00 TESSIN, KANTON 1",1.08,CBL
CH1319968405,"CHF 1,50 PBZ SCHWEIZ. KBK",1.43,CBL
CH1356524871,"CHF 1,4295 LAUSANNE, VILL",7.08,CBL
CH1597777692,"CHF 1,1275 LAND SACHSEN A",5.70,CBL
NO0013770305,"NOK 4,50 NORWAY, KINGDOM ",5.15,CBL
XS3526057354,"USD 0,00 AUSTRIA, REP.OF ",0.53,CBL
CH0482172399,"CHF 0,50 PFANDBRIEFBANK S",3.95,CBL
XS3159209579,"EUR 2,723 NATL.AU.BK(AU) ",1.49,CBL
CH1177791840,"CHF 0,75 ZURICH, STADT 22",1.41,CBL
CH0284687412,"CHF 1,00 PFANDBRIEFBANK S",1.56,CBL
XS2708405662,"USD 5,125 FINNVERA PLC (R",5.00,CBL
XS2897315474,"EUR 2,907 COMMNW.BK(AU) (",1.56,CBL
CA459058KF93,"CAD 1,80 IBRD-WORLD BANK ",0.37,CBL
US29875BAM81,"USD FL.R EBRD 25-2030",0.40,CBL
XS2681943390,"GBP 4,875 IBRD-WORLD BANK",1.46,CBL
CA458182EC20,"CAD 0,875 INTER-AMER.DEV.",0.37,CBL
US45950KCU25,"USD 0,75 INTL.FIN.CORP. 2",1.26,CBL
US298785KC96,"USD 4,75 EUROP.INVEST.BK ",0.84,CBL
CH1581468100,"CHF 1,10 ZURICH, KANTON 2",6.56,CBL
CH0319416126,"CHF 0,04 BERN STADT (REGS",0.43,CBL
CH1204259738,"CHF 1,375 PFANDBRIEFBANK ",1.57,CBL
AU3CB0330496,"AUD XXX CNCL.EU DEV.BK 26",1.45,CBL
CH0124338937,"CHF 2,625 PFANDBRIEFBANK ",1.20,CBL
XS0138037733,"GBP 6,00 KFW (REGS) 01-20",0.97,CBL
CH0528881201,"CHF 0,25 CANTON OF GENEVA",0.58,CBL
AU000XCLWAQ1,"AUD 2,75 COMMONWEALTH OF ",0.66,CBL
CH1276313314,"CHF 1,75 PFANDBRIEFBANK S",1.84,CBL
DK0004630787,"DKK 1,00 REALKREDIT DANMA",0.37,CBL
SE0029279561,"SEK 0,00 SWEDEN, KINGDOM ",0.47,CBL
CH0373476198,"CHF 0,25 PBZ SCHWEIZ. KBK",0.33,CBL
XS3520589717,"USD 0,00 AUSTRIA, REP.OF ",0.53,CBL
CH0119468368,"CHF 2,125 TESSIN, KANTON ",3.21,CBL
CA135087S620,"CAD 3,25 CANADA 25-2035",4.23,CBL
GB00BSGQN319,"GBP 0,00 HM TREASURY 0211",0.82,CBL
GB00BM8Z2W66,"GBP 0,125 UNITED KINGDOM ",16.27,CBL
CH1189217834,"CHF 1,70 PBZ SCHWEIZ. KBK",1.59,CBL
XS1760125523,"SEK 1,375 NORDIC INVEST.B",0.48,CBL
CH0505011921,"CHF 0,125 CANTON OF GENEV",2.39,CBL
US459058JU87,"USD FL.R IBRD-WORLD BANK ",0.45,CBL
XS2579291910,"SEK 2,875 EUROP.INVEST.BK",1.17,CBL
SE0020354082,"SEK 3,75 LANSFORSAKRINGAR",1.45,CBL
CH1353258168,"CHF 1,1575 IBRD-WORLD BAN",1.40,CBL
CH0149317056,"CHF 1,50 CANTON OF GENEVA",2.23,CBL
ES0273315038,"EUR 9,405 SWEDEN, KINGDOM",0.48,CBL
XS0292165098,"CAD 0,00 EUROP.INVEST.BK ",3.78,CBL
CA1350Z7ET77,"CAD 0,00 CANADA 270127",0.57,CBL
GB00BVP99905,"GBP 4,625 UNITED KINGDOM ",4.20,CBL
GB00B0CNHZ09,"GBP 1,25 UNITED KINGDOM (",11.46,CBL
GB00B1VWPJ53,"GBP 4,50 UNITED KINGDOM (",5.60,CBL
AU3CB0286854,"AUD 2,45 CNCL.EU DEV.BK 2",0.37,CBL
CH1249416046,"CHF 2,125 PFANDBRIEFBANK ",1.30,CBL
CH0258586392,"CHF 1,50 PFANDBRIEFBANK S",2.77,CBL
CH0267855994,"CHF 0,625 BASEL-LDSCHFT, ",2.84,CBL
CH0536892901,"CHF 0,20 PBZ SCHWEIZ. KBK",2.47,CBL
CA135087P329,"CAD 2,50 CANADA 22-2032",3.22,CBL
US43358BAB99,"USD 4,00 CANADA 25-2030",1.86,CBL
CH1455990106,"CHF 1,20 PBZ SCHWEIZ. KBK",5.38,CBL
XS2367214777,"GBP FL.R LLOYDS BANK PLC ",0.42,CBL
CA45950KDC14,"CAD 3,30 INTL.FIN.CORP. 2",0.58,CBL
CH1458320368,"CHF 0,875 PFANDBRIEFBANK ",2.22,CBL
CH1588286471,"CHF 0,75 PFANDBRIEFBANK S",1.32,CBL
FI4000606223,"USD 0,00 FINLAND REP.OF 1",0.43,CBL
CH1167887251,"CHF 0,278 BK.NOVA SCOTIA ",0.32,CBL
NO0012470014,"NOK FL.R SPAREBNK 1 BOLIK",0.34,CBL
US45950KDM99,"USD FL.R INTL.FIN.CORP. 2",0.37,CBL
DK0009552218,"DKK 1,00 NYKREDIT REALKRE",1.73,CBL
CH0344583841,"CHF 0,20 SOLOTHURN, KANTO",0.69,CBL
DK0004604196,"DKK 1,00 REALKREDIT DANMA",0.56,CBL
CH1428648328,"CHF 0,10 BASEL-STADT KANT",0.59,CBL
CA135087S216,"CAD 3,25 CANADA 24-2034",4.02,CBL
CH1418473448,"CHF 0,6825 AUSTRIA, REP.O",3.02,CBL
AU2CLT271165,"AUD 0,00 COMMONWEALTH OF ",0.59,CBL
CH0185258222,"CHF 1,50 PBZ SCHWEIZ. KBK",0.74,CBL
NO0012837642,"NOK 3,00 NORWAY, KINGDOM ",2.51,CBL
CH1411424570,"CHF 0,5975 ASIAN DEV.BK 2",2.48,CBL
XS2168296205,"AUD 1,46 IBRD-WORLD BANK ",2.86,CBL
CH1390517014,"CHF 0,875 PFANDBRIEFBANK ",1.73,CBL
CH0273485398,"CHF 0,625 PBZ SCHWEIZ. KB",0.79,CBL
CA135087S703,"CAD 3,50 CANADA 25-2057",8.94,CBL
XS3084364895,"USD 4,25 FINNVERA PLC (RE",8.67,CBL
XS2936665392,"GBP 4,50 NORDRHEIN-WESTFA",0.51,CBL
CH1170565811,"CHF 1,45 PBZ SCHWEIZ. KBK",3.88,CBL
AU3CB0325827,"AUD 4,05 NORDIC INVEST.BK",1.35,CBL
CH0278667115,"CHF 0,50 PBZ SCHWEIZ. KBK",1.02,CBL
CA135087P998,"CAD 2,75 CANADA 23-2055",9.75,CBL
SE0024219877,"SEK 3,00 LANSFORSAKRINGAR",1.93,CBL
AU3CB0287779,"AUD 3,00 EUROP.INVEST.BK ",1.82,CBL
DK0009551327,"DKK FL.R NYKREDIT REALKRE",0.37,CBL
CA135087F825,"CAD 1,00 CANADA 16-2027",0.57,CBL
CH1307181433,"CHF 0,00 SWISS GOVERNMENT",0.38,CBL
CH1244321803,"CHF 1,50 NORDIC INVEST.BK",0.53,CBL
CH1471403811,"CHF 0,50 PBZ SCHWEIZ. KBK",1.42,CBL
GB00BZB26Y51,"GBP 1,75 UNITED KINGDOM (",4.93,CBL
GB00BSQNRC93,"GBP 4,375 UNITED KINGDOM ",0.86,CBL
SE0027099375,"SEK 0,00 SWEDEN, KINGDOM ",0.47,CBL
CH0485252800,"CHF 0,00 PFANDBRIEFBANK S",0.28,CBL
XS2076779144,"SEK 1,06 ASIAN DEV.BK 19-",3.58,CBL
CH1306117149,"CHF 1,30 ZURICH, STADT 24",2.19,CBL
XS2900268900,"GBP 3,875 INTL.FIN.CORP. ",1.65,CBL
XS2984144654,"SEK FL.R NORDIC INVEST.BK",0.37,CBL
DK0006361696,"DKK 1,00 DLR KREDIT AS 24",1.29,CBL
CH0229881153,"CHF 2,25 WINTERTHUR CITY ",4.57,CBL
US870200CP52,"USD 3,375 SWEDEN, KINGDOM",0.56,CBL
CH0471297926,"CHF 0,25 PFANDBRIEFBANK S",1.01,CBL
XS2928646806,"USD 4,00 KFW (REGS) 24-20",0.38,CBL
XS3190713696,"SEK 2,503 NORDIC INVEST.B",1.40,CBL
CA1350Z7E599,"CAD 0,00 CANADA 210427",0.57,CBL
XS2436454842,"GBP 1,25 LANDWIRT.RENTENB",0.46,CBL
XS3058822670,"USD 4,00 NORDRHEIN-WESTFA",0.60,CBL
US500769KQ65,"USD 4,125 KFW 26-2031",1.68,CBL
US4581X0BX51,"USD 3,20 INTER-AMER.DEV.B",4.16,CBL
XS2651983178,"GBP 5,00 INTER-AMER.DEV.B",1.57,CBL
GB00BPSNBG80,"GBP 1,25 HM TREASURY (REG",11.18,CBL
CH1376931627,"CHF 0,7625 EUROP.INVEST.B",2.99,CBL
XS0096385801,"GBP 0,00 EBRD 99-2038",3.89,CBL
CH1266847214,"CHF 1,85 PBZ SCHWEIZ. KBK",1.27,CBL
XS2671019573,"NOK 4,25 IBRD-WORLD BANK ",0.59,CBL
US515110CE22,"USD 5,00 LANDWIRT.RENTENB",2.26,CBL
CH1373904486,"CHF 0,85 ZURICH, KANTON 2",2.94,CBL
XS2954943366,"USD 4,496 SANTANDER UK PL",0.41,CBL
XS3506171910,"EUR 3,75 ROYAL BK.CANADA ",2.89,CBL
CH1310346239,"CHF 1,625 PFANDBRIEFBANK ",2.02,CBL
XS3041229439,"NOK 4,25 KFW (REGS) 25-20",1.14,CBL
US459058KJ14,"USD 3,125 IBRD-WORLD BANK",0.33,CBL
CH1249416053,"CHF 2,125 PFANDBRIEFBANK ",2.67,CBL
AU3CB0317360,"AUD 4,45 KFW 25-2030",1.19,CBL
AU3TB0000135,"AUD 4,75 COMMONWEALTH OF ",0.59,CBL
GB00BDCHBW80,"GBP 1,50 UNITED KINGDOM (",7.95,CBL
CA135087U691,"CAD 3,00 CANADA 26-2031",2.62,CBL
CH0009755197,"CHF 4 SWISS, CONFED.(TAX ",5.53,CBL
DK0009511297,"DKK 1,00 NYKREDIT REALKRE",0.37,CBL
CH0204975426,"CHF 1,375 EUROP.INVEST.BK",0.42,CBL
US459058LH49,"USD FL.R IBRD-WORLD BANK ",0.33,CBL
US4581X0DQ82,"USD 0,625 INTER-AMER.DEV.",0.33,CBL
DK0009547564,"DKK FL.R NYKREDIT REALKRE",0.37,CBL
AU3CB0317246,"AUD 4,45 ASIAN DEV.BK 25-",1.14,CBL
XS3413338149,"EUR 1,00 WESTPAC BKING CO",3.01,CBL
XS2558574104,"EUR 3,106 WESTPAC BKING C",0.45,CBL
CH1405472072,"CHF 0,80 ZURICH, KANTON 2",2.51,CBL
XS3413338065,"EUR 1,00 WESTPAC BKING CO",1.30,CBL
XS2294328005,"USD 1,50 INTER-AMER.DEV.B",3.07,CBL
XS2636756657,"USD 4,00 FINNVERA PLC (RE",5.00,CBL
CH0370943554,"CHF 0,625 PFANDBRIEFBANK ",3.98,CBL
US045167GJ64,"USD 4,375 ASIAN DEV.BK 25",0.41,CBL
XS0095130943,"GBP 4,875 WORLD BANK (1-6",0.94,CBL
US4581X0ED60,"USD FL.R INTER-AMER.DEV.B",0.33,CBL
DK0002059583,"DKK 1,00 NORDEA KREDIT RE",1.11,CBL
GB0032452392,"GBP 4,25 UNITED KINGDOM (",4.29,CBL
CH0228674930,"CHF 2,25 CANTON OF GENEVA",4.52,CBL
XS1803111902,"SEK 1,97 ASIAN DEV.BK (RE",3.48,CBL
CH1199660007,"CHF 1,125 STADT LUGANO 22",0.81,CBL
CH1468803452,"CHF 0,76 INTL.FIN.CORP. 2",2.60,CBL
AU3CB0254456,"AUD 3,10 ASIAN DEV.BK 18-",0.96,CBL
CH1319968629,"CHF 1,40 PBZ SCHWEIZ. KBK",2.98,CBL
US298785KD79,"USD FL.R EUROP.INVEST.BK ",0.33,CBL
CH0224581824,"CHF 2,00 LUZERN, KANTON 1",2.83,CBL
DK0004630357,"DKK 1,00 REALKREDIT DANMA",0.37,CBL
XS0103369020,"GBP 5,75 OEST.KONTROLLBK ",1.32,CBL
CH1499437270,"CHF 1,065 NORDRHEIN-WESTF",6.55,CBL
XS1883244284,"USD 3,10 ASIAN DEV.BK 18-",0.71,CBL
AU3CB0317410,"AUD 4,45 INTL.FIN.CORP. 2",1.14,CBL
CH1204259803,"CHF 1,625 CANTON TICINO 2",1.65,CBL
USD4S46MLM53,"USD 3,875 KFW 23-2028",0.64,CBL
DK0009548299,"DKK FL.R NYKREDIT REALKRE",0.37,CBL
GB00BSGQKX03,"GBP 0,00 HM TREASURY 1801",0.82,CBL
SE0028000281,"SEK 2,75 SWEDEN, KINGDOM ",3.62,CBL
XS3166372642,"GBP 4,125 ASIAN DEV.BK (R",1.53,CBL
CA459058KM45,"CAD 3,70 IBRD-WORLD BANK ",0.47,CBL
XS3519606803,"USD 0,00 SWEDEN, KINGDOM ",0.47,CBL
XS2558956483,"NOK FL.R IBRD-WORLD BANK ",0.32,CBL
CH1435012112,"CHF 1,07 ZUER.KANTONABK.Z",8.53,CBL
XS3178769041,"NOK FL.R IBRD-WORLD BANK ",0.61,CBL
XS0138039275,"GBP 5 KFW INTL.FIN.INC.(E",3.14,CBL
US298785DV50,"USD 4,875 EUROPEAN INV.BK",2.42,CBL
CH0338330472,"CHF 0,25 PFANDBRIEFBANK S",2.78,CBL
CA135087Q723,"CAD 3,25 CANADA 23-2033",3.60,CBL
XS0096499057,"GBP 5 EUROP.INVEST.BK. 99",2.83,CBL
XS1267056387,"EUR 1,546 WESTPAC BKING C",1.85,CBL
NO0012747858,"NOK 3,77 INTER-AMER.DEV.B",0.36,CBL
FI4000606231,"USD 0,00 FINLAND REP.OF 2",0.53,CBL
GB00BMBL1D50,"GBP 0,50 UNITED KINGDOM (",12.72,CBL
CH0536893214,"CHF 0,125 PBZ SCHWEIZ. KB",2.87,CBL
GB00BPCJD997,"GBP 3,75 UNITED KINGDOM (",7.29,CBL
DK0009418675,"DKK 1,00 JYSKE REALKREDI ",0.37,CBL
XS1748436356,"EUR 1,25 WESTPAC BKING CO",2.19,CBL
GB00BSGQKS59,"GBP 0,00 HM TREASURY 2610",0.82,CBL
GB00B3D4VD98,"GBP 1,25 UNITED KINGDOM (",3.40,CBL
CH0271288547,"CHF 0,50 PFANDBRIEFBANK S",0.45,CBL
GB00BDRHNP05,"GBP 1,25 UNITED KINGDOM (",0.62,CBL
XS2473753841,"GBP 2,125 INTER-AMER.DEV.",0.88,CBL
CH0222050939,"CHF 2,25 CANTON OF GENEVA",1.24,CBL
AU3CB0300036,"AUD 4,10 NORDIC INVEST.BK",0.60,CBL
CH1405472122,"CHF 1,00 PBZ SCHWEIZ. KBK",4.77,CBL
CH0302424392,"CHF 0,50 PFANDBRIEFBANK S",0.77,CBL
NO0013091801,"NOK FL.R DANSKE BANK AS (",0.48,CBL
AU000XCLWAP3,"AUD 3,25 COMMONWEALTH OF ",5.75,CBL
CH1273475389,"CHF 1,94 COMMNW.BK(AU) 23",1.18,CBL
CH1151526154,"CHF 0,125 PFANDBRIEFBANK ",1.48,CBL
AU3CB0330769,"AUD 4,70 LANDWIRT.RENTENB",1.67,CBL
CH0315593928,"CHF 0,40 CANTON OF GENEVA",3.96,CBL
CH0485252826,"CHF 0,50 PFANDBRIEFBANK S",5.22,CBL
US045167GB39,"USD 4,125 ASIAN DEV.BK 24",2.02,CBL
CH0342587646,"CHF 0,20 ST.GALLEN, KANTO",4.54,CBL
NO0013567925,"NOK FL.R NORDEA EIENDOMSK",0.60,CBL
AU3CB0334688,"AUD XXX IBRD-WORLD BANK 2",1.64,CBL
AU3CB0318202,"AUD 4,30 AFRICAN DEV.BK 2",1.16,CBL
US045167GV92,"USD 4,875 ASIAN DEV.BK 26",1.04,CBL
AU3CB0277432,"AUD 1,00 INTER-AMER.DEV.B",0.67,CBL
CH1232107024,"CHF 1,50 PBZ SCHWEIZ. KBK",0.28,CBL
CH1232107149,"CHF 1,625 ZURICH, STADT 2",2.94,CBL
EU000A4D7YC7,"CAD 2,65 EUROP.INVEST.BK ",0.55,CBL
US500769KT05,"USD 4,50 KFW 26-2031",1.70,CBL
CH0181215028,"CHF 1,375 PBZ SCHWEIZ. KB",0.28,CBL
US65562QC375,"USD 3,75 NORDIC INVEST.BK",0.61,CBL
XS1509942683,"USD 1,82 AFRICAN DEV.BK (",0.37,CBL
CH1191066237,"CHF 1,50 ZURICH, STADT 22",6.46,CBL
CH0328901100,"CHF 0,40 TESSIN, KANTON (",7.03,CBL
NO0010821598,"NOK 2,00 NORWAY, KINGDOM ",0.63,CBL
XS3268851345,"GBP 4,00 KFW (REGS) 26-20",2.02,CBL
CH1306117156,"CHF 1,30 ZURICH, STADT 24",5.42,CBL
US515110CL64,"USD 5,00 LANDWIRT.RENTENB",2.94,CBL
DK0009923567,"DKK 0,50 DEN DANSKE STAT ",0.44,CBL
XS2753412233,"NOK 3,779 EBRD (REGS) 24-",0.87,CBL
US298785KK13,"CAD 2,65 EUROP.INVEST.BK ",0.55,CBL
CH1472996961,"CHF 0,8675 EUROP.INVEST.B",3.25,CBL
US222213BK57,"USD FL.R CNCL.EU DEV.BK (",0.48,CBL
GB00BD9MZZ71,"GBP 0,125 UNITED KINGDOM ",17.81,CBL
CH0338330415,"CHF 0,125 PFANDBRIEFBANK ",1.70,CBL
CH1471403829,"CHF 0,75 ZUERCHER KANTBK ",2.20,CBL
CH0284950505,"CHF 1,125 ZURICH, STADT 1",3.89,CBL
CH1346743052,"CHF 1,30 ZURICH, KANTON 2",3.09,CBL
XS2673140633,"EUR 3,768 COMMNW.BK(AU) (",0.40,CBL
DK0009546087,"DKK FL.R NYKREDIT REALKRE",0.37,CBL
CH0285849367,"CHF 0,625 PBZ SCHWEIZ. KB",0.28,CBL
CH0505011939,"CHF 0,30 CANTON OF GENEVA",5.35,CBL
XS3204112976,"USD 3,75 BK OF ENGLAND (R",1.31,CBL
CH1503892759,"CHF 0,615 FEDE.CAIS.DESJA",1.82,CBL
XS2307309893,"USD 1,00 LANDWIRT.RENTENB",0.53,CBL
XS2401591800,"USD 1,125 FINNVERA PLC (R",5.00,CBL
XS2450391581,"EUR 0,625 NATL.AU.BK(AU) ",0.40,CBL
CH0252903726,"CHF 1,00 BASEL-LDSCHFT, K",0.31,CBL
US515110CG79,"USD 4,125 LANDWIRT.RENTEN",1.31,CBL
CH0224397171,"CHF 0,50 SWISS GOVERNMENT",1.23,CBL
CA135087J397,"CAD 2,25 CANADA 18-2029",1.49,CBL
AU2CLT091068,"AUD 0,00 COMMONWEALTH OF ",0.59,CBL
GB00B52WS153,"GBP 4,50 UNITED KINGDOM (",3.72,CBL
CH1239494987,"CHF 1,75 PFANDBRIEFBANK S",0.70,CBL
AU0000097495,"AUD 1,75 COMMONWEALTH OF ",9.49,CBL
EU000A3L1TH0,"GBP 3,625 EUROP.INVEST.BK",1.19,CBL
DK0009391534,"DKK 1,00 BRFKREDIT AS 16-",0.37,CBL
CH0457206826,"CHF 0,375 PROV OF ALBERTA",1.00,CBL
XS2548946560,"SEK 3,25 NORDIC INVEST.BK",0.38,CBL
CA135087Q236,"CAD 2,75 CANADA 23-2033",3.42,CBL
XS2614965775,"GBP 4,125 INTER-AMER.DEV.",0.63,CBL
CH1325037054,"CHF 1,30 BANQUE CANTONALE",7.76,CBL
US500769CH58,"USD 0,00 KFW 07-2037",3.98,CBL
AU000XCLWAM0,"AUD 2,75 COMMONWEALTH OF ",4.41,CBL
XS1263033190,"AUD 0,00 EUROP.INVEST.BK ",4.88,CBL
XS3317510736,"GBP FL.R KFW (REGS) 26-20",0.46,CBL
DK0004614583,"DKK 1,00 REALKREDIT DANMA",1.64,CBL
CH1484612119,"CHF 0,8075 IBRD-WORLD BAN",2.86,CBL
GB00B16NNR78,"GBP 4,25 UNITED KINGDOM (",0.71,CBL
AU3CB0299873,"AUD 4,55 EUROP.INVEST.BK ",2.08,CBL
US500769KC79,"USD 4,00 KFW 24-2029",0.90,CBL
US045167GT47,"USD 4,625 ASIAN DEV.BK 26",2.53,CBL
CH0373476073,"CHF 0,375 PBZ SCHWEIZ. KB",0.51,CBL
GB00BQC82C90,"GBP 4,25 HM TREASURY (REG",3.71,CBL
XS2923391606,"GBP 4,25 IBRD-WORLD BANK ",2.39,CBL
SE0021308541,"SEK 2,25 SWEDEN, KINGDOM ",3.36,CBL
SE0022239356,"SEK 3,00 SWEDBANK MORTGAG",1.21,CBL
US459058LP64,"USD FL.R IBRD-WORLD BANK ",0.33,CBL
CH1533150988,"CHF 1,01 TRSY.CORP.VICTOR",5.58,CBL
XS2887796865,"GBP 4,00 OEST.KONTROLLBK ",1.66,CBL
US045167GP25,"USD 4,25 ASIAN DEV.BK 26-",2.45,CBL
XS3519669397,"USD 0,00 AUSTRIA, REP.OF ",0.53,CBL
CA045167BM41,"CAD 4,650 ASIAN DEV.BK. 0",0.37,CBL
XS0824127277,"SEK 2,75 NORDIC INVEST.BK",1.82,CBL
US459058JG93,"USD 0,75 IBRD-WORLD BANK ",1.26,CBL
CH0569237669,"CHF 0,20 CANTON OF GENEVA",3.76,CBL
NO0012712506,"NOK 3,50 NORWAY, KINGDOM ",4.68,CBL
XS3492392488,"USD 4,654 SANTANDER UK PL",0.97,CBL
CH0352595885,"CHF 0,375 PBZ SCHWEIZ. KB",0.28,CBL
SE0011062892,"SEK 2,00 STADSHYP AB (PUB",0.73,CBL
SE0019072042,"SEK 3,50 AB SVERIGES SAKE",0.65,CBL
CH1306117057,"CHF 1,60 GENF STADT/GENEV",2.90,CBL
XS0589945459,"GBP 6,00 LLOYDS TSB BK PL",0.96,CBL
CH1179535013,"CHF 1,375 PFANDBRIEFBANK ",1.53,CBL
AU3CB0301810,"AUD 4,40 INTL.FIN.CORP. 2",0.37,CBL
AU3CB0305845,"AUD 4,40 KFW 24-2029",1.01,CBL
US45950KDJ60,"USD FL.R INTL.FIN.CORP. 2",0.33,CBL
CH1441314114,"CHF 0,625 PFANDBRIEFBANK ",2.38,CBL
CH1512677001,"CHF 0,00 LANDWIRT.RENTENB",2.31,CBL
XS2446284783,"EUR 0,75 COMMNW.BK(AU) (R",0.55,CBL
DK0009551244,"DKK FL.R NYKREDIT REALKRE",0.37,CBL
CH0111386147,"CHF 2,50 HESSEN LAND (REG",1.48,CBL
XS2160972209,"CAD 1,33 ASIAN DEV.BK 20-",2.88,CBL
CH1122290211,"CHF 0,25 PFANDBRIEFBANK S",4.82,CBL
US500769KL78,"USD 4,00 KFW 25-2027",0.38,CBL
CH0511762061,"CHF 0,00 PFANDBRIEFBANK S",0.32,CBL
AU3TB0000150,"AUD 3,25 COMMONWEALTH OF ",1.45,CBL
US45818QAE98,"USD 6,75 INTER-AMER.DEV.B",0.37,CBL
XS2294319194,"GBP 0,125 ASIAN DEV.BK (R",0.40,CBL
GB00BM8Z2T38,"GBP 1,00 UNITED KINGDOM (",2.89,CBL
US4581X0FA13,"USD 4,25 INTER-AMER.DEV.B",1.45,CBL
US29878TBC71,"USD 0,00 EUROP.INVEST.BK ",0.37,CBL
CH0305954569,"CHF 0,25 AARGAU KANTON (R",0.99,CBL
XS2086808545,"SEK 0,75 EUROP.INVEST.BK ",2.28,CBL
XS2562651500,"NOK 3,375 INTL.FIN.CORP. ",0.37,CBL
CH1346742989,"CHF 1,45 PBZ SCHWEIZ. KBK",2.12,CBL
CH1399999965,"CHF 0,8663 MANITOBA, PROV",3.49,CBL
CH0536893412,"CHF 0,00 PBZ SCHWEIZ. KBK",1.08,CBL
SE0013935319,"SEK 0,125 SWEDEN, KINGDOM",2.14,CBL
CH1211713172,"CHF 1,45 KANTON NEUENBURG",1.66,CBL
CH0284687420,"CHF 1,125 PFANDBRIEFBANK ",4.57,CBL
SE0018537086,"SEK 3,00 LANSFORSAKRINGAR",1.11,CBL
CH1193213126,"CHF 1,20 BASEL-STADT KANT",0.69,CBL
XS2679764493,"GBP 4,875 KFW (REGS) 23-2",0.90,CBL
US500769KE36,"USD 4,375 KFW 24-2027",0.38,CBL
GB00BVP99673,"GBP 4,125 HM TREASURY 25-",2.51,CBL
CH0319416134,"CHF 0,50 BERN STADT (REGS",3.92,CBL
US045167FH18,"USD 1,50 ASIAN DEV.BK 22-",0.33,CBL
CH0128833255,"CHF 2,625 BASEL-LDSCHFT, ",0.80,CBL
CH0344958688,"CHF 0,50 SWISS GOVERNMENT",1.92,CBL
US30216BJR42,"USD 3,00 EXPORT DEV.CANAD",0.37,CBL
US30216BKC53,"USD 4,125 EXPORT DEV.CANA",0.84,CBL
AU3CB0251023,"AUD 3,30 NORDIC INVEST.BK",0.68,CBL
XS2594034998,"GBP 4,00 INTER-AMER.DEV.B",1.36,CBL
GB00BSGR2373,"GBP 0,00 HM TREASURY 2112",0.82,CBL
CH0336352759,"CHF 0,25 PFANDBRIEFBANK S",4.25,CBL
CH1396329778,"CHF 0,70 SOLOTHURN, KANTO",2.48,CBL
US045167FZ16,"USD 4,50 ASIAN DEV.BK 23-",0.60,CBL
SE0021021631,"SEK 4,00 SWEDISH COVERED ",0.99,CBL
CH1323274089,"CHF 1,625 PFANDBRIEFBANK ",3.15,CBL
XS2345876333,"GBP 0,75 KFW (REGS) 21-20",0.54,CBL
US500769KK95,"USD 3,75 KFW 25-2030",1.36,CBL
US500769KR49,"USD 4,25 KFW 26-2029",1.03,CBL
XS3253235660,"GBP FL.R EBRD 25-2030",0.44,CBL
US4581X0EX25,"USD 4,125 INTER-AMER.DEV.",2.46,CBL
GB00B6460505,"GBP 4,25 UNITED KINGDOM (",5.24,CBL
XS3307268576,"EUR 2,848 NATL.AU.BK(AU) ",2.14,CBL
AU3CB0273639,"AUD 1,25 INTL.FIN.CORP. (",1.55,CBL
CH1179535021,"CHF 1,625 PFANDBRIEFBANK ",3.39,CBL
CH0557779003,"CHF 0,875 SWISS GOVERNMEN",6.22,CBL
CH1484612085,"CHF 0,735 KFW 26-2035",2.69,CBL
US222213BL31,"USD 4,00 BANQUE DEVELOPP ",0.83,CBL
XS2078928665,"SEK 0,4325 IBRD-WORLD BAN",0.36,CBL
XS2289822376,"CAD 1,00 EUROP.INVEST.BK ",0.48,CBL
XS2643036218,"GBP FL.R SANTANDER UK PL ",0.42,CBL
XS2849666941,"SEK 2,625 NORDIC INVEST.B",0.98,CBL
US298785JY36,"USD 4,50 EUROP.INVEST.BK ",0.64,CBL
US515110CH52,"USD 3,625 LANDWIRT.RENTEN",1.44,CBL
CH1266847107,"CHF 1,70 PBZ SCHWEIZ. KBK",0.58,CBL
DK0009545519,"DKK FL.R NYKREDIT REALKRE",0.37,CBL
XS1572222526,"SEK 1,50 EUROP.INVEST.BK ",0.36,CBL
CH1224630199,"CHF 1,05 CITY OF BELLINZ ",3.65,CBL
CA045167GU12,"CAD 3,60 ASIAN DEV.BK 26-",1.05,CBL
CH0328298069,"CHF 0,375 PFANDBRIEFBANK ",3.48,CBL
CH1232107172,"CHF 1,625 STADT LUGANO 23",0.99,CBL
XS2801321527,"GBP 4,00 NORDIC INVEST.BK",0.88,CBL
XS3524469635,"USD 0,00 EUROP.INVEST.BK ",0.37,CBL
CA1350Z7EP55,"CAD 0,00 CANADA 021226",0.57,CBL
SE0013885910,"SEK 2,50 STADSHYP AB (PUB",1.53,CBL
CH0551990705,"CHF 0,35 NEUCHATEL, CANTO",9.22,CBL
CA459058JK08,"CAD 0,875 IBRD-WORLD BANK",0.37,CBL
XS2807461699,"GBP 4,25 KFW (REGS) 24-20",1.72,CBL
CH1423931612,"CHF 0,90 PBZ SCHWEIZ. KBK",2.42,CBL
XS1987754790,"SEK 1,255 IBRD-WORLD BANK",1.77,CBL
XS2764856873,"GBP 4,125 ASIAN DEV.BK 24",0.93,CBL
US04517PBZ45,"USD FL.R ASIAN DEV.BK 24-",0.33,CBL
US045167DU47,"USD 2,625 ASIAN DEV.BK 17",0.33,CBL
XS2634072024,"GBP FL.R LLOYDS BANK PLC ",0.42,CBL
XS2526882001,"EUR 2,347 NATL.AU.BK(AU) ",1.13,CBL
CH1477661263,"CHF 0,55 STADT BERN 25-20",2.51,CBL
DK0002061647,"DKK 1,00 NORDEA KREDIT RE",1.47,CBL
XS0765619407,"GBP 4,875 LLOYDS TSB BK P",0.42,CBL
AU3CB0242600,"AUD 3,30 NORDIC INVEST.BK",0.37,CBL
CH0114695429,"CHF 2,125 CANTON OF GENEV",0.87,CBL
CH1193213100,"CHF 1,40 BASEL-STADT KANT",0.35,CBL
CH1373904460,"CHF 1,07 PBZ SCHWEIZ. KBK",3.50,CBL
US30216BKK79,"USD 4,00 EXPORT DEV.CANAD",1.28,CBL
CH1522256184,"CHF 0,625 PFANDBRIEFBANK ",0.94,CBL
XS3512738520,"USD 0,00 AUSTRIA, REP.OF ",0.53,CBL
CH0373476412,"CHF 0,50 PBZ SCHWEIZ. KBK",0.46,CBL
CH1232107040,"CHF 1,80 PBZ SCHWEIZ. KBK",2.19,CBL
NO0013475558,"NOK 3,75 NORWAY, KINGDOM ",3.01,CBL
GB00B39R3707,"GBP 4,25 UNITED KINGDOM (",6.72,CBL
CH1271360617,"CHF 1,2125 EBRD (REGS) 24",1.32,CBL
CH0362748292,"CHF 0,55 ZURICH, STADT 17",3.16,CBL
CH1243651952,"CHF 1,875 PFANDBRIEFBANK ",1.19,CBL
CH1112011510,"CHF 0,05 ONTARIO,PROVINCE",2.80,CBL
AU3CB0305910,"AUD 4,35 ASIAN DEV.BK 24-",0.81,CBL
XS1942622215,"SEK 1,25 EUROP.INVEST.BK ",1.12,CBL
CH1193213027,"CHF 1,50 BASEL-STADT KANT",0.56,CBL
US459058KW25,"USD 4,625 IBRD-WORLD BANK",0.58,CBL
CA135087R895,"CAD 3,50 CANADA 24-2029",1.60,CBL
XS2649518953,"GBP 4,875 KFW (REGS) 23-2",1.84,CBL
US222213BH29,"USD 3,625 BANQUE DEVELOPP",0.51,CBL
DK0009552481,"SEK 2,50 NYKREDIT REALKRE",0.42,CBL
XS2468434142,"NOK 2,6425 IBRD-WORLD BAN",2.82,CBL
DK0002051929,"DKK 1,00 NORDEA KREDIT RE",0.37,CBL
US298785JU14,"USD 3,875 EUROP.INVEST.BK",0.46,CBL
AU3CB0303451,"AUD 4,60 INTL.FIN.CORP. 2",0.72,CBL
CH0110904098,"CHF 2,50 NORDRHEIN-WESTFA",1.46,CBL
AU3CB0266690,"AUD 1,60 ASIAN DEV.BK (AD",1.24,CBL
XS2747579907,"GBP 4,125 OEST.KONTROLLBK",0.63,CBL
US045167GW75,"USD 5,00 ASIAN DEV.BK 26-",2.14,CBL
XS0820551181,"AUD 0,00 IBRD-WORLD BANK ",1.07,CBL
NO0010930522,"NOK 1,25 NORWAY, KINGDOM ",1.94,CBL
US459058LL50,"USD 3,875 IBRD-WORLD BANK",2.17,CBL
CH0419041303,"CHF 0,30 KANTON NEUENBURG",5.21,CBL
US298785JJ68,"USD 0,625 EUROP.INVEST.BK",0.34,CBL
XS3364763485,"EUR 3,00 LLOYDS BANK PLC ",0.91,CBL
XS0702014027,"NOK 4,00 NORDIC INVEST.BK",0.32,CBL
CH1112011569,"CHF 0,00 ZURICH, STADT 21",1.30,CBL
XS2511301595,"GBP 2,375 INTER-AMER.DEV.",1.23,CBL
CH1253456102,"CHF 2,085 ROYAL BK.CANADA",0.48,CBL
CH1405987871,"CHF 1,00 PFANDBRIEFBANK S",2.59,CBL
CH1434204348,"CHF 1,245 TESSIN, KANTON ",8.07,CBL
CH0115967397,"CHF 2,25 PFANDBRIEFBANK S",1.59,CBL
CH0474977698,"CHF 0,125 PFANDBRIEFBANK ",0.74,CBL
XS2809237378,"NOK FL.R IBRD-WORLD BANK ",0.45,CBL
XS1751692887,"EUR 1,482 COMMNW.BK(AU) (",3.52,CBL
XS2400452731,"SEK 0,375 NORDIC INVEST.B",0.36,CBL
US045167GA55,"USD 4,125 ASIAN DEV.BK 24",0.33,CBL
DK0009542334,"DKK 1,00 NYKREDIT REALKRE",0.65,CBL
XS3306539811,"USD 3,628 ASIAN DEV.BK 26",1.51,CBL
CH1132966339,"CHF 0,25 PFANDBRIEFBANK S",3.03,CBL
AU3CB0307346,"AUD 4,40 AFRICAN DEV.BK 2",0.93,CBL
CH1513428487,"CHF 0,85 TESSIN, KANTON 2",4.19,CBL
US4581X0DG01,"USD 2,25 INTER-AMER.DEV.B",0.86,CBL
GB00BPSNB460,"GBP 3,75 UNITED KINGDOM (",0.62,CBL
XS0099196197,"GBP 5,375 INTL.FIN.CORP. ",0.94,CBL
CA135087L443,"CAD 0,50 CANADA 20-2030",2.35,CBL
CH1206367588,"CHF 2,125 PBZ SCHWEIZ. KB",1.08,CBL
CH1515238462,"CHF 0,85 PBZ SCHWEIZ. KBK",2.89,CBL
CH0253612581,"CHF 1,00 ZURICH, STADT (R",0.31,CBL
XS2636718137,"SEK 3,248 ASIAN DEV.BK 23",0.61,CBL
CH1282304489,"CHF 1,5525 ASIAN DEV.BK 2",1.99,CBL
CH1570292529,"CHF 1,235 INTER-AMER.DEV.",4.73,CBL
XS2388390689,"EUR 0,375 WESTPAC BKING C",3.33,CBL
CH1562934682,"CHF 0,95 STADT LUGANO (BA",3.95,CBL
XS0876282137,"JPY 0,00 EUROP.INVEST.BK ",1.86,CBL
CH0261627415,"CHF 1,50 PFANDBRIEFBANK S",3.59,CBL
SE0007125927,"SEK 1,00 SWEDEN, KINGDOM ",0.47,CBL
CH0409606347,"CHF 0,25 TESSIN, KANTON 1",0.68,CBL
XS3311132719,"GBP FL.R LLOYDS BANK PLC ",0.69,CBL
CH1537606761,"CHF 0,625 PFANDBRIEFBANK ",1.61,CBL
CH0031835561,"CHF 3,25 SWISS GOVERNMENT",0.34,CBL
CH0134577250,"CHF 1,72 QUEENSLAND TR.CO",4.88,CBL
CH0224485927,"CHF 2,00 WAADT, KANTON (R",1.81,CBL
CH0537261932,"CHF 0,50 PFANDBRIEFBANK S",4.21,CBL
CH1163572931,"CHF 0,525 SASKATCHEWAN PR",2.27,CBL
DK0009548612,"SEK FL.R NYKREDIT REALKRE",0.38,CBL
CH0142337697,"CHF 2,00 CANTON OF GENEVA",5.51,CBL
US676167CT43,"USD 4,125 OEST.KONTROLLBK",1.40,CBL
CH0525158413,"CHF 0,00 PFANDBRIEFBANK S",5.86,CBL
AU3CB0250488,"AUD 3,35 AFRICAN DEV.BK 1",0.66,CBL
DK0009924375,"DKK 0,00 DEN DANSKE STAT ",1.95,CBL
CH1280154308,"CHF 1,75 PFANDBRIEFBANK S",1.95,CBL
DE000A31RJ11,"USD 5,25 DT. PFANDBRIEFBA",0.36,CBL
GB00B06YGN05,"GBP 4,25 UNITED KINGDOM (",7.28,CBL
XS3518601466,"GBP FL.R INTL.FIN.CORP. 2",0.72,CBL
CH0130614883,"CHF 2,375 LUZERN, KANTON ",0.43,CBL
CH0282528907,"CHF 1,00 PFANDBRIEFBANK S",4.64,CBL
CA45950KCY43,"CAD 1,85 INTL.FIN.CORP. 2",0.37,CBL
XS2729287388,"GBP 4,50 INTL.FIN.CORP. (",0.79,CBL
DK0002063775,"DKK 1,00 NORDEA KREDIT RE",1.75,CBL
US298785KU94,"USD 4,375 EUROP.INVEST.BK",1.49,CBL
CH1581468183,"CHF 0,90 PBZ SCHWEIZ. KBK",2.33,CBL
CH0268100226,"CHF 0,50 BASEL-STADT KANT",2.56,CBL
SE0017780422,"SEK 3,00 SEB 23-2029",1.18,CBL
CH1265890736,"CHF 1,50 WINTERTHUR 24-20",9.17,CBL
US4581X0ER56,"USD 3,625 INTER-AMER.DEV.",1.46,CBL
CH1388731346,"CHF 0,90 CANTON TICINO 24",10.23,CBL
US500769KH66,"USD 4,625 KFW 25-2030",1.24,CBL
SE0014694659,"SEK 1,00 LANSFORSAKRINGAR",0.38,CBL
CH0557778310,"CHF 0,25 SWISS GOVERNMENT",2.91,CBL
CH1170565795,"CHF 1,10 PBZ SCHWEIZ. KBK",0.50,CBL
GB00BPSNBB36,"GBP 4,375 HM TREASURY (RE",7.11,CBL
NO0013148338,"NOK 3,625 NORWAY, KINGDOM",2.68,CBL
CH0110411565,"CHF 2,50 IBRD-WORLD BANK ",1.04,CBL
CH0589031118,"CHF 0,10 PBZ SCHWEIZ. KBK",1.42,CBL
XS2810876065,"GBP 4,375 INTER-AMER.DEV.",2.02,CBL
CH0127181169,"CHF 1,50 SWISS GOVERNMENT",4.65,CBL
CH1189217842,"CHF 1,90 PBZ SCHWEIZ. KBK",3.85,CBL
GB00BPSNBF73,"GBP 4,00 HM TREASURY 24-2",2.57,CBL
XS1588019221,"SEK 1,25 INTL.FIN.CORP. (",0.36,CBL
US222213BF62,"USD 4,625 CNCL.EU DEV.BK ",0.33,CBL
SE0013362605,"SEK 3,00 NORDBANKEN HYPOT",1.64,CBL
CH1373904262,"CHF 0,80 ZURICH, STADT (M",0.31,CBL
SE0015243415,"SEK 0,25 SWEDISH COVERED ",0.38,CBL
SE0023848478,"SEK 3,00 SWEDBANK MORTGAG",1.50,CBL
DK0009549180,"DKK FL.R NYKREDIT REALKRE",0.38,CBL
XS3197812855,"EUR 2,853 COMMNW.BK(AU) (",1.71,CBL
CH0194695216,"CHF 1,25 CANTON OF GENEVA",0.43,CBL
XS2926256186,"USD 4,125 IFFIM (REGS/37)",0.37,CBL
CH1435399170,"CHF 1,15 CANTON TICINO 25",3.82,CBL
XS0098232043,"GBP 0,00 EUROP.INVEST.BK ",3.86,CBL
CH0223643260,"CHF 2,125 BERN, KANTON (R",4.49,CBL
CH0247754382,"CHF 1,625 CANTON OF GENEV",1.19,CBL
US298785KB14,"USD 4,375 EUROP.INVEST.BK",0.33,CBL
CH1423931638,"CHF 1,15 PBZ SCHWEIZ. KBK",5.46,CBL
CH1446452265,"CHF 0,80 ZUERCHER KANTBK ",2.31,CBL
CH1127263965,"CHF 0,05 CANTON OF GENEVA",6.14,CBL
EU000A4D7YA1,"NOK 4,329 EUROP.INVEST.BK",1.06,CBL
US45950KDH05,"USD 4,25 INTL.FIN.CORP. 2",0.86,CBL
US676167CP21,"USD 4,50 OEST.KONTROLLBK ",1.71,CBL
US298785KS49,"USD FL.R EUROP.INVEST.BK ",0.51,CBL
CH1307181532,"CHF 0,00 SWISS GOVERNMENT",0.38,CBL
CH0272154177,"CHF 1,00 BASEL-LDSCHFT, K",3.85,CBL
SE0020053767,"SEK 3,50 DANSKE HYPOTEK A",0.84,CBL
XS0094675641,"GBP 0,00 EUROP.INVEST.BK ",0.88,CBL
CH0506071171,"CHF 0,02 PBZ SCHWEIZ. KBK",4.22,CBL
CH1141700430,"CHF 0,25 ZURICH, STADT 21",7.27,CBL
SE0013360864,"SEK 3,50 NORDEA HYPOTEK (",0.74,CBL
CH0249483667,"CHF 1,375 CANTON OF GENEV",3.23,CBL
AU3CB0319051,"AUD 4,50 INTL.FIN.CORP. 2",1.24,CBL
US298785JP29,"USD 0,75 EUROP.INVEST.BK ",0.33,CBL
AU3CB0306660,"AUD 4,30 LANDWIRT.RENTENB",0.87,CBL
SE0020052728,"SEK FL.R STADSHYP AB (PUB",0.38,CBL
CH1307181490,"CHF 0,00 SWISS GOVERNMENT",0.38,CBL
CH0373476107,"CHF 0,70 ZURICH, STADT (R",3.83,CBL
CH0506071296,"CHF 0,00 LUZERN, KANTON (",1.62,CBL
US00828EEY14,"USD 4,625 AFRICAN DEV.BK ",0.33,CBL
US29874QFA76,"USD 4,125 EBRD 24-2029",0.73,CBL
SE0026275414,"SEK 3,00 SKANDINAVISKA EN",1.69,CBL
CH1485827120,"CHF 0,8175 IBRD-WORLD BAN",3.96,CBL
GB00BL6C7720,"GBP 4,125 UNITED KINGDOM ",0.62,CBL
XS2861554645,"GBP 4,125 IBRD-WORLD BANK",1.80,CBL
US4581X0EN43,"USD 4,125 INTER-AMER.DEV.",0.75,CBL
GB00B24FFM16,"GBP 0,75 UNITED KINGDOM (",9.69,CBL
CH1255924420,"CHF 2,00 PFANDBRIEFBANK S",1.74,CBL
US4581X0DS49,"USD 1,125 INTER-AMER.DEV.",1.37,CBL
AU3CB0295822,"AUD 4,00 LANDWIRT.RENTENB",0.49,CBL
SE0021770708,"SEK 3,50 LANSFORSAKRINGAR",1.61,CBL
CH1462975165,"CHF 1,15 BERN STADT 25-20",8.83,CBL
XS1538285807,"SEK 1,91 FINNVERA PLC 16-",5.32,CBL
CA459058LB70,"CAD 3,50 IBRD-WORLD BANK ",0.81,CBL
XS2802726476,"EUR 3,131 WESTPAC BKING C",1.70,CBL
CA459058HF31,"CAD 1,95 IBRD-WORLD BANK ",1.06,CBL
XS2878460885,"GBP 3,875 KFW (REGS) 24-2",1.32,CBL
CH1446452315,"CHF 1,10 STADT BERN 25-20",9.05,CBL
AU3CB0275998,"AUD 1,10 IBRD-WORLD BANK ",1.48,CBL
US00828EER62,"USD 4,375 AFRICAN DEV.BK ",0.46,CBL
CH0126875803,"CHF 2,50 BERN STADT (REGS",5.17,CBL
DK0009924029,"DKK 0,25 DEN DANSKE STAT ",9.02,CBL
XS2596456389,"NOK 3,753 AFRICAN DEV.BK ",0.45,CBL
CH1300277808,"CHF 1,75 PFANDBRIEFBANK S",4.58,CBL
XS2972982917,"GBP 4,375 CNCL.EU DEV.BK ",0.56,CBL
CA135087U931,"CAD 3,50 CANADA 26-2036",4.76,CBL
CH0307256450,"CHF 0,60 PBZ SCHWEIZ. KBK",2.55,CBL
CH1239464634,"CHF 2,125 PBZ SCHWEIZ. KB",3.42,CBL
XS2980858794,"SEK 2,875 EBRD (REGS) 25-",1.64,CBL
SE0017780182,"SEK 3,00 SEB (REGS) 22-20",0.45,CBL
CH1521313051,"CHF 0,8025 INTER-AMER.DEV",2.73,CBL
CH0194273204,"CHF 1,375 PFANDBRIEFBANK ",0.84,CBL
CH1290222418,"CHF 1,75 ZURICH, STADT 23",4.08,CBL
CH1137122805,"CHF 0,00 KANTON NEUENBURG",1.31,CBL
CH0465044649,"CHF 0,10 WINTERTHUR CITY ",0.62,CBL
CH0482172373,"CHF 0,125 PFANDBRIEFBANK ",1.36,CBL
AU0000143901,"AUD 1,75 COMMONWEALTH OF ",3.35,CBL
AU0000249302,"AUD 3,75 COMMONWEALTH OF ",3.82,CBL
CH1455990072,"CHF 0,35 PBZ SCHWEIZ. KBK",0.54,CBL
CH1522231369,"CHF 0,5075 KFW 26-2034",2.34,CBL
US500769CG75,"JPY 2,60 KFW 07-2037",3.13,CBL
CA045167FX69,"CAD 3,30 ASIAN DEV.BK 23-",0.59,CBL
GB00BSGQQ650,"GBP 0,00 HM TREASURY 0911",0.82,CBL
CH0282528899,"CHF 0,875 PFANDBRIEFBANK ",2.87,CBL
XS3523117581,"EUR FL.R IBRD-WORLD BANK ",0.72,CBL
CA135087C939,"CAD 2,75 CANADA 14-2064",10.14,CBL
CH1373904288,"CHF 0,85 ZURICH, STADT 24",7.41,CBL
CH1562934765,"CHF 0,85 PBZ SCHWEIZ. KBK",2.72,CBL
XS3518492312,"USD 0,00 AUSTRIA, REP.OF ",0.53,CBL
CH0245863987,"CHF 1,50 PBZ SCHWEIZ. KBK",0.66,CBL
CA135087T461,"CAD 2,50 CANADA 25-2027",0.57,CBL
US65562QC458,"USD 3,75 NORDIC INVEST.BK",1.31,CBL
CH1392903568,"CHF 1,05 BERN STADT 24-20",6.47,CBL
CH1461438173,"CHF 0,855 AUSTRIA, REP.OF",4.76,CBL
CH0282857876,"CHF 0,75 BASEL-LDSCHFT, K",1.75,CBL
CH1276313256,"CHF 2,00 PFANDBRIEFBANK S",3.46,CBL
CA459058KV44,"CAD 4,25 IBRD-WORLD BANK ",1.35,CBL
CH1454185799,"CHF 0,97 TRSY.CORP.VICTOR",5.34,CBL
CH0384125081,"CHF 0,75 PFANDBRIEFBANK S",3.67,CBL
XS2574480708,"GBP FL.R SANTANDER UK PL ",0.42,CBL
DK0002057108,"DKK 1,00 NORDEA KREDIT RE",0.74,CBL
EU000A3L6Q00,"GBP 4,50 EUROP.INVEST.BK ",0.53,CBL
CH0300874283,"CHF 0,625 PBZ SCHWEIZ. KB",1.16,CBL
CH0385997116,"CHF 0,70 KANTON NEUENBURG",4.48,CBL
DK0004606993,"DKK 1,00 REALKREDIT DANMA",0.83,CBL
XS2744862108,"GBP 3,875 INTER-AMER.DEV.",0.93,CBL
XS3270869954,"GBP 4,00 ASIAN DEV.BK 26-",1.77,CBL
AU000XCLWAG2,"AUD 4,50 COMMONWEALTH OF ",3.30,CBL
CH0550413428,"CHF 0,25 PFANDBRIEFBANK S",4.36,CBL
CH1131931243,"CHF FL.R PBZ SCHWEIZ. KBK",1.37,CBL
CH1428867068,"CHF 0,94 EUROP.INVEST.BK ",2.22,CBL
CH0181932952,"CHF 1,25 TESSIN, KANTON (",0.43,CBL
GB00BPJJKN53,"GBP 4,625 UNITED KINGDOM ",3.48,CBL
US45905ASE90,"USD 0,00 WORLD BANK 91-20",1.63,CBL
GB00BBJNQY21,"GBP 3,50 UNITED KINGDOM (",8.31,CBL
CH1310346304,"CHF 1,25 ZURICH, STADT 24",1.95,CBL
CH1310346312,"CHF 1,35 ZURICH, STADT 24",4.98,CBL
CH1409388480,"CHF 0,85 ZURICH, STADT 25",2.50,CBL
AU3CB0319218,"AUD 4,10 EUROP.INVEST.BK ",0.51,CBL
NO0013737973,"NOK 0,00 NORWAY, KINGDOM ",0.40,CBL
SE0018537284,"SEK 3,50 DANSKE HYPOTEK A",0.46,CBL
CH0362748342,"CHF 0,625 PFANDBRIEFBANK ",2.63,CBL
XS1551882357,"NOK 2,03 IBRD-WORLD BANK ",1.90,CBL
XS2476272864,"AUD 3,69 ASIAN DEV.BK (RE",1.83,CBL
CH0344958498,"CHF 0,50 SWISS GOVERNMENT",5.88,CBL
US298785KA31,"USD 4,125 EUROP.INVEST.BK",2.04,CBL
US4581X0EP90,"USD 4,375 INTER-AMER.DEV.",2.12,CBL
XS2975106902,"GBP 4,375 ASIAN DEV.BK 25",1.26,CBL
CH1266847271,"CHF 1,85 PBZ SCHWEIZ. KBK",1.88,CBL
XS2972044163,"GBP 4,375 LANDWIRT.RENTEN",1.43,CBL
CH0336587727,"CHF 0,125 PBZ SCHWEIZ. KB",1.40,CBL
CH1307181441,"CHF 0,00 SWISS GOVERNMENT",0.38,CBL
CA135087XW98,"CAD 5 CANADIAN GOVT 04-20",4.69,CBL
XS1254129049,"AUD 3,65 EUROP.INVEST.BK ",3.74,CBL
AU0000018442,"AUD 2,75 COMMONWEALTH OF ",6.50,CBL
CH0589031027,"CHF 0,00 PBZ SCHWEIZ. KBK",2.09,CBL
XS2482388449,"GBP FL.R ASIAN DEV.BK 22-",0.40,CBL
NO0013713123,"NOK 4,125 NORWAY, KINGDOM",3.24,CBL
XS1584879693,"EUR 0,00 IBRD-WORLD BANK ",7.36,CBL
CH0419041469,"CHF 0,00 PBZ SCHWEIZ. KBK",3.48,CBL
XS2382183064,"AUD 1,80 ASIAN DEV.BK 21-",3.16,CBL
XS2802887211,"GBP 4,125 OEST.KONTROLLBK",1.25,CBL
XS2343554148,"USD FL.R EUROP.INVEST.BK ",0.37,CBL
CA1350Z7ER12,"CAD 0,00 CANADA 301226",0.57,CBL
DK0002058692,"DKK 1,00 NORDEA KREDIT RE",0.93,CBL
DK0009546327,"DKK FL.R NYKREDIT REALKRE",0.37,CBL
GB00BTXS1K06,"GBP 4,75 HM TREASURY (REG",4.09,CBL
CH1498422802,"CHF 0,35 ZURICH, KANTON 2",1.60,CBL
CH0357676177,"CHF 0,50 PBZ SCHWEIZ. KBK",0.86,CBL
CH1341034960,"CHF 1,50 PFANDBRIEFBANK S",2.11,CBL
XS3512752604,"USD 0,00 EUROP.INVEST.BK ",0.37,CBL
GB00B24FF097,"GBP 4,75 UNITED KINGDOM (",2.36,CBL
XS0166538453,"CAD 0,50 EBRD (CONF) 03-2",0.81,CBL
CH0127181193,"CHF 1,25 SWISS GOVERNMENT",3.37,CBL
CH0214925882,"CHF 1,75 BASEL-LDSCHFT, K",4.47,CBL
AU3CB0285708,"AUD 1,85 ASIAN DEV.BK 22-",0.37,CBL
XS2711356886,"GBP 4,75 INTER-AMER.DEV.B",1.27,CBL
US00828EFF16,"USD 4,00 AFRICAN DEV.BK (",1.07,CBL
DK0009924102,"DKK 0,00 DEN DANSKE STAT ",1.95,CBL
CH1485827096,"CHF 0,625 CANTON OF GENEV",3.70,CBL
GB00BSGR9W52,"GBP 0,00 HM TREASURY 2501",0.82,CBL
GB00BLPK7334,"GBP 1,125 UNITED KINGDOM ",5.67,CBL
AU3CB0295764,"AUD 4,75 EUROP.INVEST.BK ",1.97,CBL
SE0013358447,"SEK 1,00 NORDEA HYPOTEK (",0.38,CBL
SE0013362084,"SEK 3,00 NORDEA HYPOTEK (",1.52,CBL
CH1435012096,"CHF 1,00 BERN STADT 25-20",3.49,CBL
CH1405472163,"CHF 0,4625 LANDWIRT.RENTE",1.73,CBL
CH1471403928,"CHF 0,70 CANTON TICINO 25",3.68,CBL
XS1673620875,"USD FL.R IBRD-WORLD BANK ",0.37,CBL
XS3338901781,"USD 4,235 DNB BOLIGKREDIT",1.47,CBL
XS1586231455,"EUR 1,40 IBRD-WORLD BANK ",5.28,CBL
CH0461238963,"CHF 0,10 PBZ SCHWEIZ. KBK",1.47,CBL
US298785JX52,"CAD FL.R EUROP.INVEST.BK ",0.61,CBL
US4581X0ET13,"USD FL.R INTER-AMER.DEV.B",0.36,CBL
XS2463967286,"EUR 1,079 WESTPAC BKING C",0.40,CBL
CA135087R713,"CAD 3,50 CANADA 24-2034",3.68,CBL
GB00BMBL1F74,"GBP 0,625 UNITED KINGDOM ",9.99,CBL
CH1266847289,"CHF 1,85 PBZ SCHWEIZ. KBK",3.08,CBL
CH0461239136,"CHF 0,125 PBZ SCHWEIZ. KB",1.56,CBL
US500769KG83,"USD 3,50 KFW 24-2027",0.38,CBL
XS3000458557,"GBP 4,125 ASIAN DEV.BK (R",0.55,CBL
CH1540977217,"CHF 1,0475 ASIAN DEV.BK 2",5.22,CBL
CH0215376325,"CHF 1,75 EUROP.INVEST.BK ",1.95,CBL
XS2976284450,"GBP 4,50 IBRD-WORLD BANK ",1.43,CBL
CH0506071163,"CHF 0,00 PBZ SCHWEIZ. KBK",1.29,CBL
GB00BPJJKP77,"GBP 4,75 HM TREASURY UK S",5.69,CBL
CA135087U857,"CAD 3,75 CANADA 26-2059",8.98,CBL
GB00BSGRJT27,"GBP 0,00 HM TREASURY 2202",0.82,CBL
CH0331455342,"CHF 0,00 BASEL-STADT KANT",0.91,CBL
XS0091740018,"GBP 5,625 EBRD (1-6) 98-2",0.85,CBL
GB00B00NY175,"GBP 4,75 UNITED KINGDOM (",4.66,CBL
US500769BR40,"USD 0,00 KFW 06-2036",3.56,CBL
GB00BJMHB534,"GBP 0,875 UNITED KINGDOM ",1.86,CBL
US045167FT55,"USD 3,875 ASIAN DEV.BK 22",1.72,CBL
CH1335850280,"CHF 1,1525 NORDIC INVEST.",1.37,CBL
CH1170565654,"CHF 0,75 PBZ SCHWEIZ. KBK",1.25,CBL
US45950KDD90,"USD 4,50 INTL.FIN.CORP. 2",0.56,CBL
NO0013008672,"NOK FL.R SPAREBNK 1 BOLIK",0.34,CBL
CH1580409170,"CHF 1,1075 EUROP.INVEST.B",4.08,CBL
CA135087T792,"CAD 2,75 CANADA 25-2031",2.39,CBL
XS1347679448,"SEK 1,75 EUROP.INVEST.BK ",0.36,CBL
US298785KL95,"USD 4,25 EUROP.INVEST.BK ",1.67,CBL
XS3272092480,"GBP 4,00 INTER-AMER.DEV.B",1.80,CBL
CH1307181458,"CHF 0,00 SWISS GOVERNMENT",0.38,CBL
XS1550144668,"AUD 3,00 IBRD-WORLD BANK ",0.37,CBL
XS2558248055,"GBP FL.R LLOYDS BANK PLC ",0.42,CBL
CH1239464733,"CHF 2,05 PBZ SCHWEIZ. KBK",1.54,CBL
US676167CK34,"USD 5,00 OEST.KONTROLLBK ",0.55,CBL
XS2976476288,"GBP 4,50 OEST.KONTROLLBK ",1.83,CBL
XS0113708969,"GBP 5,75 WORLD BANK (1-11",1.93,CBL
CH0458097950,"CHF 0,25 WESTPAC BKING CO",0.32,CBL
XS3216984099,"USD 3,375 SWEDEN, KINGDOM",0.56,CBL
CH1523170046,"CHF 0,7875 INTL.FIN.CORP.",2.74,CBL
GB00BDX8CX86,"GBP 0,125 UNITED KINGDOM ",17.32,CBL
CH1462229902,"CHF 0,9525 STADT LUGANO 2",3.60,CBL
US45950KDN72,"USD FL.R INTL.FIN.CORP. 2",0.42,CBL
XS1764081110,"SEK 1,375 KFW 18-2028",0.51,CBL
XS3297708698,"USD 3,50 BK OF ENGLAND (R",0.80,CBL
CH0387879031,"CHF 0,25 CANTON OF GENEVA",0.49,CBL
CH1118223424,"CHF 0,10 PBZ SCHWEIZ. KBK",1.63,CBL
CH1280994281,"CHF 1,87 LLOYDS BK PLC (R",0.32,CBL
DK0009545196,"DKK 1,00 NYKREDIT REALKRE",1.02,CBL
XS3106087771,"USD 3,875 DENMARK, KINGDO",0.37,CBL
CH1471403860,"CHF 0,75 GENF STADT/GENEV",3.68,CBL
US298785KN51,"USD 3,75 EUROP.INVEST.BK ",1.35,CBL
US459058LU59,"USD 4,00 IBRD-WORLD BANK ",1.61,CBL
XS2121223601,"GBP 0,75 INTL.FIN.CORP. (",0.44,CBL
GB00BYVP4K94,"GBP 0,125 UNITED KINGDOM ",13.92,CBL
CA135087N670,"CAD 2,25 CANADA 22-2029",1.76,CBL
DK0009923807,"DKK 0,50 DEN DANSKE STAT ",1.23,CBL
XS2035406987,"GBP 0,875 LANDWIRT.RENTEN",0.46,CBL
GB00BWBR1N39,"GBP 4,875 HM TREASURY (RE",4.34,CBL
XS2649050106,"GBP 4,875 EUROP.INVEST.BK",1.57,CBL
US65562QBY08,"USD 4,25 NORDIC INVEST.BK",0.76,CBL
CA135087P733,"CAD 3,245 CANADA 22-2027",0.57,CBL
GB00BSGRLM95,"GBP 0,00 HM TREASURY 0103",0.82,CBL
DK0004610599,"DKK 1,00 REALKREDIT DANMA",1.29,CBL
US135087Q560,"USD 3,75 CANADA 23-2028",0.88,CBL
CH1319968520,"CHF 1,45 PBZ SCHWEIZ. KBK",1.67,CBL
CH1537606837,"CHF 0,80 CANTON OF GENEVA",2.85,CBL
XS2317066749,"AUD 1,95 ASIAN DEV.BK 21-",1.57,CBL
US30216BKH41,"USD 3,75 EXPORT DEV.CANAD",0.37,CBL
XS2976491592,"GBP 4,50 NORDIC INVEST.BK",0.53,CBL
US298785KR65,"USD 3,75 EUROP.INVEST.BK ",0.82,CBL
CH1523562028,"CHF 1,0525 AUSTRIA, REP.O",6.20,CBL
CA1350Z7FB50,"CAD 0,00 CANADA 160627",0.57,CBL
GB00BQC4R999,"GBP 3,75 UNITED KINGDOM (",4.61,CBL
CH1132966321,"CHF 0,125 PFANDBRIEFBANK ",1.39,CBL
NO0012829763,"NOK FL.R NORDEA EIENDOMSK",0.34,CBL
CH0302790149,"CHF 0,50 CANTON OF GENEVA",1.76,CBL
US45906M3A71,"USD 0,00 IBRD-WORLD BANK ",0.37,CBL
XS3353891669,"GBP 4,25 NORDRHEIN-WESTFA",1.35,CBL
GB00BNNGP882,"GBP 0,125 UNITED KINGDOM ",12.07,CBL
CH1280154290,"CHF 1,75 PFANDBRIEFBANK S",4.18,CBL
XS3007600581,"EUR 2,855 COMMNW.BK(AU) (",1.83,CBL
XS0691868581,"SEK 2,94 NORDIC INVEST.BK",1.56,CBL
CH0347556919,"CHF 0,375 PFANDBRIEFBANK ",0.42,CBL
CH1409388555,"CHF FL.R PFANDBRIEFBANK S",2.30,CBL
US008281BL07,"USD 3,625 AFRICAN DEV.BK ",1.35,CBL
CH0593893958,"CHF 0,125 PFANDBRIEFBANK ",2.07,CBL
CH1265890892,"CHF 0,55 BASEL-STADT KANT",0.99,CBL
GB00B54QLM75,"GBP 4,00 UNITED KINGDOM (",7.56,CBL
AU3CB0297273,"AUD 5,00 AFRICAN DEV.BK 2",3.06,CBL
CH1446452281,"CHF 1,00 ZUERCHER KANTBK ",5.42,CBL
CA135087U774,"CAD 2,75 CANADA 26-2028",1.03,CBL
US222213BE97,"USD 4,125 CNCL.EU DEV.BK ",0.73,CBL
CH1265891080,"CHF 0,00 BASEL-STADT KANT",0.35,CBL
XS2281478268,"GBP 0,125 KFW (REGS) 21-2",0.46,CBL
XS2287895853,"AUD 1,20 EBRD (REGS) 21-2",1.55,CBL
CH1472996953,"CHF 0,73 KFW (BASKET) 26-",2.90,CBL
XS3328597060,"EUR 3,119 WESTPAC BKING C",1.60,CBL
CA1350Z7FA77,"CAD 0,00 CANADA 161226",0.57,CBL
CH0423233524,"CHF 0,50 PFANDBRIEFBANK S",0.66,CBL
DK0006353917,"DKK 1,00 DLR KREDIT AS 21",0.37,CBL
CH0024484187,"CHF 2,55 ZURICH, CITY OF ",2.66,CBL
CH0206728823,"CHF 1,50 BERN STADT (REGS",0.59,CBL
CH0215064350,"CHF 1,50 PBZ SCHWEIZ. KBK",0.55,CBL
US459051FX10,"USD 0,00 WORLD BANK (COLT",0.52,CBL
NO0013030940,"NOK FL.R DNB BOLIGKREDIT ",0.34,CBL
CH1390517006,"CHF 0,75 PFANDBRIEFBANK S",0.32,CBL
XS2778374806,"USD 4,50 BK OF ENGLAND (R",0.35,CBL
CH1319968611,"CHF 1,40 PBZ SCHWEIZ. KBK",2.19,CBL
CH1485827104,"CHF 0,95 CANTON OF GENEVA",8.72,CBL
NO0010844079,"NOK 1,75 NORWAY, KINGDOM ",1.16,CBL
CH1353015006,"CHF 1,25 PFANDBRIEFBANK S",0.53,CBL
CH1423036917,"CHF 0,785 EBRD (REGS) 25-",2.50,CBL
CH0419040842,"CHF 0,55 PBZ SCHWEIZ. KBK",1.23,CBL
XS2393516112,"AUD 1,778 AFRICAN DEV.BK ",1.66,CBL
XS2577518215,"SEK 2,87 EUROP.INVEST.BK ",0.47,CBL
XS2766752062,"GBP 4,125 NORDIC INVEST.B",0.44,CBL
AU3CB0308187,"AUD 4,30 CNCL.EU DEV.BK 2",0.88,CBL
XS2823336438,"GBP FL.R YORKSH. BUILD.SO",0.42,CBL
XS2853088362,"USD 4,375 FINLAND REP.OF ",2.77,CBL
US676167CS69,"USD 3,75 OEST.KONTROLLBK ",2.19,CBL
XS2481608029,"USD 3,00 LANDWIRT.RENTENB",0.99,CBL
CH1189217909,"CHF 1,65 PBZ SCHWEIZ. KBK",1.70,CBL
US30216BJW37,"USD 3,875 EXPORT DEV.CANA",0.49,CBL
CH0347556927,"CHF 0,625 PFANDBRIEFBANK ",2.80,CBL
US45950KDK34,"USD 4,50 INTL.FIN.CORP. 2",0.42,CBL
GB00BSGR3N42,"GBP 0,00 HM TREASURY 2912",0.82,CBL
AU3CB0240554,"AUD 3,00 IBRD-WORLD BANK ",1.71,CBL
CA135087T537,"CAD 3,25 CANADA 25-2035",4.43,CBL
US45818QAC33,"USD 6,29 INTER-AMERICAN D",0.37,CBL
XS2110832040,"GBP 0,75 EUROP.INVEST.BK ",0.40,CBL
XS2885080205,"GBP 4,125 INTL.FIN.CORP. ",0.44,CBL
CH1536312163,"CHF 0,6075 LANDWIRT.RENTE",2.94,CBL
US4581X0DW50,"USD FL.R INTER-AMER.DEV.B",0.48,CBL
US29875BAK26,"USD FL.R EBRD 24-2028",0.33,CBL
XS3403817003,"GBP 4,50 KFW (REGS) 26-20",2.05,CBL
CH0528881169,"CHF 0,00 PFANDBRIEFBANK S",0.97,CBL
GB00BNNGP668,"GBP 0,375 UNITED KINGDOM ",0.62,CBL
CH1142754253,"CHF 0,25 PFANDBRIEFBANK S",1.54,CBL
AU3CB0317170,"AUD 4,45 INTER-AMER.DEV.B",1.14,CBL
GB00BSGQYH23,"GBP 0,00 HM TREASURY 0712",0.82,CBL
XS0085727559,"GBP 6 EUROP.INVEST.BK (EU",0.85,CBL
CH0204567256,"CHF 1,375 PBZ SCHWEIZ. KB",0.31,CBL
US500769JD71,"USD 1,75 KFW 19-2029",1.11,CBL
NO0013134684,"NOK FL.R NORDEA EIENDOMSK",0.40,CBL
DK0009547804,"DKK FL.R NYKREDIT REALKRE",0.37,CBL
XS3358317132,"USD 4,00 IFFIM (REGS/39) ",1.47,CBL
AU0000087454,"AUD 1,00 COMMONWEALTH OF ",2.43,CBL
CA1350Z7FJ86,"CAD 0,00 CANADA 080927",0.57,CBL
CH0569237651,"CHF 0,03 CANTON OF GENEVA",1.59,CBL
GB00BLBDX619,"GBP 1,125 UNITED KINGDOM ",11.71,CBL
AU3CB0295509,"AUD 4,40 IBRD-WORLD BANK ",0.46,CBL
CH1485827088,"CHF 0,375 CANTON OF GENEV",1.91,CBL
XS2417005779,"AUD 2,39 IBRD-WORLD BANK ",1.75,CBL
XS2756954835,"USD 4,125 KFW (REGS) 24-2",0.51,CBL
CA1350Z7FC34,"CAD 0,00 CANADA 130127",0.57,CBL
CH0536892737,"CHF 0,00 ZUER.KANTONABK.Z",0.54,CBL
US676167CQ04,"USD 4,00 OEST.KONTROLLBK ",0.89,CBL
CH1151526170,"CHF 0,125 PFANDBRIEFBANK ",0.68,CBL
DK0002052570,"DKK 1,00 NORDEA KREDIT RE",0.37,CBL
CH1331113626,"CHF 1,315 SASKATCHEWAN PR",3.07,CBL
XS2979654923,"NOK 4,16 INTL.FIN.CORP. (",1.01,CBL
CH0267222310,"CHF 0,375 PFANDBRIEFBANK ",0.94,CBL
CH1239464741,"CHF 2,10 PBZ SCHWEIZ. KBK",2.57,CBL
XS2390290786,"AUD 1,78 IBRD-WORLD BANK ",3.19,CBL
XS3041372668,"EUR 2,478 AUSTRALIA AND N",1.04,CBL
AU0000485609,"AUD 5,00 COMMONWEALTH OF ",5.04,CBL
XS0295479983,"GBP 4,50 EUROP.INVEST.BK ",3.52,CBL
CA135087H722,"CAD 2,00 CANADA 17-2051",9.69,CBL
XS2288944510,"AUD 1,16 IBRD-WORLD BANK ",1.55,CBL
US515110CF96,"USD 4,625 LANDWIRT.RENTEN",0.93,CBL
GB00BGDYHF49,"GBP 0,125 UNITED KINGDOM ",7.59,CBL
XS2902693931,"GBP 3,90 IBRD-WORLD BANK ",0.44,CBL
NO0013642579,"NOK FL.R DNB BOLIGKREDIT ",0.34,CBL
DK0004603891,"DKK 1,00 REALKREDIT DANMA",0.46,CBL
US676167CJ60,"USD 4,25 OEST.KONTROLLBK ",0.76,CBL
CA045167GN78,"CAD 2,643 ASIAN DEV.BK 25",0.74,CBL
CH1520602934,"CHF 0,8375 ASIAN DEV.BK 2",2.73,CBL
CH0276801476,"CHF 0,625 PFANDBRIEFBANK ",1.84,CBL
GB00BMGR2916,"GBP 0,625 UNITED KINGDOM ",4.72,CBL
XS2749527417,"NOK 3,625 ASIAN DEV.BK (R",0.72,CBL
AU3CB0285682,"AUD 1,80 EUROP.INVEST.BK ",0.37,CBL
XS2642464155,"GBP FL.R NATL WESTMIN BK ",0.42,CBL
US676167CR86,"USD 3,75 OEST.KONTROLLBK ",2.03,CBL
CH0364277415,"CHF 0,625 BERN STADT (REG",5.07,CBL
AU3TB0000200,"AUD 4,25 COMMONWEALTH OF ",3.80,CBL
CH0589031019,"CHF 0,00 PBZ SCHWEIZ. KBK",0.67,CBL
US298785KH83,"USD 4,625 EUROP.INVEST.BK",2.23,CBL
CH0368306871,"CHF 0,125 LUZERN, KANTON ",1.16,CBL
CH1148728046,"CHF 0,10 PBZ SCHWEIZ. KBK",1.31,CBL
US676167CL17,"USD 4,125 OEST.KONTROLLBK",1.22,CBL
CA135087T610,"CAD 2,50 CANADA 25-2027",0.61,CBL
XS2437424398,"DKK 0,125 NORDIC INVEST.B",1.17,CBL
CA1350Z7E755,"CAD 0,00 CANADA 181126",0.57,CBL
GB0008932666,"GBP 4,125 UNITED KINGDOM ",0.60,CBL
CH0553331858,"CHF 0,125 PFANDBRIEFBANK ",1.09,CBL
CA135087N837,"CAD 2,75 CANADA 22-2027",0.57,CBL
US500769KB96,"USD 4,75 KFW 23-2030",1.44,CBL
GB00BSGQVF93,"GBP 0,00 HM TREASURY 2311",0.82,CBL
CH0204276213,"CHF 1,50 WINTERTHUR CITY ",3.70,CBL
NO0012707498,"NOK FL.R SPAREBNK 1 BOLIK",0.34,CBL
CH1414003504,"CHF 0,755 TRSY.CORP.VICTO",4.19,CBL
AU3CB0250520,"AUD 3,30 ASIAN DEV.BK 18-",0.66,CBL
SE0011281922,"SEK 0,75 SWEDEN, KINGDOM ",1.44,CBL
XS2224454343,"USD 1,13 IBRD-WORLD BANK ",1.40,CBL
XS2711354915,"GBP FL.R LLOYDS BANK PLC ",0.42,CBL
US459058LA95,"USD 4,00 IBRD-WORLD BANK ",1.30,CBL
CH1348614194,"CHF 1,30 ZURICH, STADT 24",5.93,CBL
XS3487864236,"EUR FL.R BK OF MONTREAL (",0.49,CBL
DK0009924615,"DKK 2,25 DEN DANSKE STAT ",2.51,CBL
CH0336352817,"CHF 0,04 NIEDEROESTERREIC",0.43,CBL
CH0446595677,"CHF 0,30 CANTON OF GENEVA",0.43,CBL
CH1105672732,"CHF 0,25 PFANDBRIEFBANK S",2.94,CBL
CH1381197099,"CHF 0,948 TESSIN, KANTON ",9.04,CBL
CH1449583637,"CHF 1,05 UBS AG 25-2047",5.62,CBL
DE000LB39ED4,"USD 4,875 LBK BADEN-WUERT",0.46,CBL
AU3CB0319390,"AUD 4,25 LANDWIRT.RENTENB",1.40,CBL
CH1544304103,"CHF 0,875 SWISS GOVERNMEN",5.12,CBL
CH0550413378,"CHF 0,35 LAUSANNE, VILLE ",2.42,CBL
XS3268973966,"GBP 3,875 CNCL.EU DEV.BK ",0.90,CBL
CH0373945093,"CHF 0,25 PFANDBRIEFBANK S",0.29,CBL
US00828EEP07,"USD 4,375 AFRICAN DEV.BK ",0.35,CBL
CA1350Z7EW07,"CAD 0,00 CANADA 240227",0.57,CBL
US459058GE72,"USD 2,50 IBRD-WORLD BANK ",0.37,CBL
US29878TFE91,"USD FL.R EUROP.INVEST.BK ",0.33,CBL
CH1223665055,"CHF 2,00 TESSIN, KANTON 2",4.22,CBL
XS1751359016,"SEK 1,375 EUROP.INVEST.BK",0.58,CBL
CH1373904270,"CHF 0,85 ZURICH, STADT 24",2.39,CBL
CA135087M847,"CAD 1,25 CANADA 21-2027",0.57,CBL
XS3272185656,"GBP FL.R NATIONWIDE BS (R",0.42,CBL
CH0126645396,"CHF 2,50 WINTERTHUR STADT",4.25,CBL
CH0419040958,"CHF 0,70 PBZ SCHWEIZ. KBK",3.33,CBL
CH1100259758,"CHF 0,125 PFANDBRIEFBANK ",1.27,CBL
CH1218301963,"CHF 2,25 PFANDBRIEFBANK S",2.77,CBL
CA1350Z7E425,"CAD 0,00 CANADA 211026",0.57,CBL
EU000A3L1TM0,"SEK 2,323 EUROP.INVEST.BK",1.13,CBL
EU000A4EJ8C4,"GBP FL.R EUROP.INVEST.BK ",0.40,CBL
XS0126293207,"GBP 5,125 EBRD 01-2032",1.95,CBL
US4581X0ES30,"USD 4,50 INTER-AMER.DEV.B",1.04,CBL
US052591AS38,"CAD 5,375 AUSTRIA, REP.OF",3.51,CBL
SE0013883691,"SEK 2,50 STADSHYP AB (PUB",0.44,CBL
CH1409388498,"CHF 0,95 ZURICH, STADT 25",4.59,CBL
US04517PAG72,"USD 0,80 ASIAN DEV.BK 20-",1.38,CBL
XS2465633225,"NOK 2,875 KFW 22-2027",0.34,CBL
CH1261608892,"CHF 2,0375 BK OF MONTREAL",0.51,CBL
CH1325807878,"CHF 1,4942 SANTANDER UK P",0.68,CBL
CH1471403910,"CHF 1,00 PBZ SCHWEIZ. KBK",5.48,CBL
GB00BSGRMJ32,"GBP 0,00 HM TREASURY 0803",0.82,CBL
XS1627601906,"EUR 0,00 AUSTRIA, REP.OF ",2.67,CBL
US29874QEU40,"USD FL.R EBRD 22-2029",0.33,CBL
XS2974170610,"GBP FL.R NATIONWIDE BS (R",0.42,CBL
CA135087V277,"CAD 3,00 CANADA 26-2028",1.16,CBL
XS0740808802,"GBP 3,875 EUROP.INVEST.BK",2.63,CBL
CH1189217826,"CHF 1,50 PBZ SCHWEIZ. KBK",0.90,CBL
AU3CB0243129,"AUD 3,40 ASIAN DEV.BK 17-",0.37,CBL
GB00BFMCN652,"GBP 1,625 UNITED KINGDOM ",10.34,CBL
CH0564642046,"CHF 0,125 PFANDBRIEFBANK ",4.36,CBL
US459056RA75,"USD 4,375 IBRD-WORLD BANK",2.36,CBL
XS0455370568,"USD 0,00 EUROP.INVEST.BK ",4.60,CBL
GB00B84Z9V04,"GBP 3,25 UNITED KINGDOM (",6.19,CBL
XS2365061931,"GBP 0,625 IBRD-WORLD BANK",0.71,CBL
CH1335850330,"CHF 0,6925 EUROP.INVEST.B",1.80,CBL
SE0009496367,"SEK 0,75 SWEDEN, KINGDOM ",0.75,CBL
CH1218301955,"CHF 2,125 PFANDBRIEFBANK ",1.57,CBL
XS3515142993,"USD 0,00 AUSTRIA, REP.OF ",0.53,CBL
CH1537606779,"CHF 0,75 PFANDBRIEFBANK S",2.51,CBL
CH0589031035,"CHF 0,00 PBZ SCHWEIZ. KBK",2.66,CBL
US298785JV96,"USD 3,75 EUROP.INVEST.BK ",1.82,CBL
AU3CB0319143,"AUD 4,40 CNCL.EU DEV.BK (",1.25,CBL
CH1471403902,"CHF 0,70 PBZ SCHWEIZ. KBK",2.31,CBL
US222213BJ84,"USD 3,75 BANQUE DEVELOPP ",1.31,CBL
US515110CK81,"USD 4,125 LANDWIRT.RENTEN",1.64,CBL
XS1955173981,"SEK 1,13 INTL.FIN.CORP. (",1.12,CBL
DK0009524001,"DKK 1,00 NYKREDIT REALKRE",1.20,CBL
SE0013884970,"SEK 2,50 STADSHYP AB (PUB",1.80,CBL
XS2642464312,"GBP FL.R NATL WESTMIN BK ",0.42,CBL
XS1533005937,"USD 2,50 AFRICAN DEV.BK 1",0.37,CBL
CA135087R481,"CAD 3,00 CANADA 23-2034",3.84,CBL
XS2744831210,"GBP 3,875 IBRD-WORLD BANK",0.79,CBL
AU3CB0330413,"AUD 4,60 AFRICAN DEV.BK 2",1.45,CBL
US045167GS63,"USD FL.R ASIAN DEV.BK 26-",0.58,CBL
GB00B421JZ66,"GBP FL.R UNITED KINGDOM (",10.92,CBL
XS3139379765,"USD 4,80 IBRD-WORLD BANK ",2.62,CBL
XS3222747936,"USD 3,625 FINLAND REP.OF ",1.64,CBL
DK0009925182,"DKK 2,25 DEN DANSKE STAT ",3.13,CBL
CA135087U360,"CAD 3,25 CANADA 26-2036",4.53,CBL
US459058KQ56,"USD 3,875 IBRD-WORLD BANK",1.04,CBL
CH0124138840,"CHF 2,50 PFANDBRIEFBANK S",0.28,CBL
CH1415780159,"CHF 1,0075 AUSTRIA, REP.O",7.71,CBL
CA135087K379,"CAD 1,25 CANADA 19-2030",2.05,CBL
DK0009398380,"DKK 1,00 JYSKE REALKREDI ",1.29,CBL
SE0013102043,"SEK 0,50 SEB 21-2026",0.38,CBL
CH1279261122,"CHF 1,91 CIBC CANADA (REG",0.57,CBL
XS2708146464,"GBP FL.R NATIONWIDE BS (R",0.50,CBL
CH1310346262,"CHF 1,25 PFANDBRIEFBANK S",1.03,CBL
CH1466688350,"CHF 0,675 INTER-AMER.DEV.",2.32,CBL
AU3CB0245116,"AUD 3,29 INTER-AMER.DEV.B",1.88,CBL
CH0440081393,"CHF 0,00 SWISS GOVERNMENT",2.61,CBL
CH1474857120,"CHF 0,8075 LAUSANNE, VILL",3.66,CBL
US676167CF49,"USD 3,625 OEST.KONTROLLBK",0.55,CBL
XS2758930569,"EUR 3,146 NATL.AU.BK(AU) ",1.64,CBL
CH1319968447,"CHF 1,20 ZURICH, KANTON 2",1.06,CBL
US459058JW44,"USD 1,375 IBRD-WORLD BANK",0.50,CBL
US500769JW52,"USD 3,75 KFW 23-2028",0.52,CBL
GB00B128DH60,"GBP FL.R UNITED KINGDOM (",0.72,CBL
XS1342506158,"EUR 1,50 IBRD-WORLD BANK ",1.85,CBL
CA135087N266,"CAD 1,50 CANADA 21-2031",2.80,CBL
DK0009552051,"DKK FL.R NYKREDIT REALKRE",0.37,CBL
CH0306173748,"CHF 0,50 PBZ SCHWEIZ. KBK",1.13,CBL
NO0013090647,"NOK 3,84 INTER-AMER.DEV.B",0.69,CBL
CH1357852792,"CHF 0,96 TRSY.CORP.VICTOR",3.24,CBL
US459058LT86,"USD 3,625 IBRD-WORLD BANK",0.51,CBL
US500769KS22,"USD 4,375 KFW 26-2033",2.24,CBL
GB00B46CGH68,"GBP 0,75 UNITED KINGDOM (",4.14,CBL
DK0009416703,"DKK 1,00 JYSKE REALKREDI ",0.37,CBL
CH1525839945,"CHF 0,775 NORDIC INVEST.B",2.75,CBL
CH0352595893,"CHF 0,50 PBZ SCHWEIZ. KBK",1.52,CBL
XS2236022153,"GBP 0,25 IBRD-WORLD BANK ",0.40,CBL
AU3CB0277077,"AUD 0,75 EUROP.INVEST.BK ",0.37,CBL
XS2635647311,"CAD 3,90 EUROP.INVEST.BK ",0.61,CBL
CH0419040776,"CHF 0,70 BERN STADT 19-20",3.03,CBL
CH1414003561,"CHF 0,64 EBRD (REGS) 25-2",1.63,CBL
US00828EFN40,"USD 4,125 AFRICAN DEV.BK ",2.46,CBL
DK0004614153,"DKK 1,00 REALKREDIT DANMA",1.56,CBL
SE0017780430,"SEK 3,00 SEB 23-2029",0.79,CBL
CH1206367539,"CHF 2,20 PBZ SCHWEIZ. KBK",2.12,CBL
SE0013884350,"SEK 4,00 STADSHYP AB (PUB",0.96,CBL
XS2975081303,"GBP 4,375 KFW 25-2028",0.61,CBL
GB0031790826,"GBP 2,00 UNITED KINGDOM (",1.48,CBL
CH0184043542,"CHF 1,50 PFANDBRIEFBANK S",0.28,CBL
XS2752075783,"GBP 3,875 EXPORT DEV.CANA",0.87,CBL
US43358BAA17,"USD 4,625 CANADA 24-2029",1.41,CBL
XS2285999210,"SEK 0,253 ASIAN DEV.BK (R",0.47,CBL
CH1239464725,"CHF 2,00 PBZ SCHWEIZ. KBK",1.02,CBL
CH1405472221,"CHF 0,95 PBZ SCHWEIZ. KBK",2.65,CBL
SE0024392278,"SEK 3,00 DANSKE HYPOTEK A",1.55,CBL
XS3307980170,"GBP 3,75 NORDIC INVEST.BK",1.18,CBL
CH1560736642,"CHF 0,715 LAND SACHSEN AN",3.16,CBL
CH1276313264,"CHF 1,875 PFANDBRIEFBANK ",5.38,CBL
XS2022314467,"DKK 0,00 EUROP.INVEST.BK ",1.73,CBL
CH0441186506,"CHF 0,375 PFANDBRIEFBANK ",0.28,CBL
DK0009545782,"DKK FL.R NYKREDIT REALKRE",0.37,CBL
CH1433241267,"CHF 0,6125 STADT LUGANO 2",2.39,CBL
CH0214925874,"CHF 1,50 BASEL-LDSCHFT, K",0.54,CBL
XS1682506065,"SEK 1,245 AFRICAN DEV.BK ",0.36,CBL
XS2295729896,"CAD 1,16 ASIAN DEV.BK 21-",1.21,CBL
AU3CB0299477,"AUD 3,80 KFW 23-2028",0.61,CBL
AU3CB0246353,"AUD 3,10 INTER-AMER.DEV.B",0.50,CBL
CH0252903767,"CHF 1,375 BASEL-LDSCHFT, ",2.37,CBL
US459058KN26,"USD FL.R IBRD-WORLD BANK ",0.33,CBL
US045167GL11,"USD 4,125 ASIAN DEV.BK 25",1.12,CBL
XS3121015724,"GBP 4,00 INTL.FIN.CORP. (",1.23,CBL
DK0009534315,"DKK 1,00 NYKREDIT REALKRE",0.37,CBL
DK0009549263,"DKK FL.R NYKREDIT REALKRE",0.38,CBL
US045167GQ08,"USD FL.R ASIAN DEV.BK 26-",0.45,CBL
AU3CB0280907,"AUD 1,10 AFRICAN DEV.BK 2",0.37,CBL
XS2901886361,"GBP 3,875 KFW (REGS) 24-2",0.49,CBL
XS3053677376,"GBP 4,04 NORDIC INVEST.BK",0.68,CBL
AU3CB0330132,"AUD 4,70 ASIAN DEV.BK 26-",1.59,CBL
XS3289971262,"GBP 3,70 IBRD-WORLD BANK ",0.59,CBL
CH0199543569,"CHF 1,25 ZURICH, KANTON (",1.86,CBL
CH0341440318,"CHF 0,40 ZURICH, STADT (R",5.82,CBL
US045167FW84,"USD 3,75 ASIAN DEV.BK 23-",0.50,CBL
CH1552014297,"CHF 0,375 BERN STADT 26-2",1.13,CBL
US045167EC30,"USD 2,375 ASIAN DEV.BK 17",0.37,CBL
DK0009515363,"DKK 1,00 NYKREDIT REALKRE",0.46,CBL
US4581X0EW42,"USD 4,375 INTER-AMER.DEV.",2.33,CBL
XS3520686679,"USD 1,00 BK OF ENGLAND 26",1.98,CBL
CA135087YQ12,"CAD 4,00 CANADA 08-2041",6.12,CBL
US4581X0BT40,"USD 3,875 INTER-AMER.DEV.",3.90,CBL
CH1428867126,"CHF 1,07 SASKATCHEWAN PRO",3.46,CBL
SE0027598327,"SEK 3,00 AB SVERIGES SAKE",1.66,CBL
US045167GH09,"USD 3,625 ASIAN DEV.BK 24",0.91,CBL
CH1499437254,"CHF 0,3675 NORDRHEIN-WEST",1.85,CBL
CH1105672724,"CHF 0,125 PFANDBRIEFBANK ",1.34,CBL
XS0704936243,"AUD 0,00 IBRD-WORLD BANK ",0.37,CBL
CH0212114653,"CHF 1,80 CANTON TICINO (R",6.01,CBL
US045167EY59,"USD 0,75 ASIAN DEV.BK 20-",1.30,CBL
EU000A3LTF25,"NOK 3,625 EUROP.INVEST.BK",0.87,CBL
GB00BT7J0241,"GBP 5,375 HM TREASURY (RE",6.94,CBL
CH0353428052,"CHF 0,375 CANTONAL BANK O",1.36,CBL
CH0360172768,"CHF 0,25 PFANDBRIEFBANK S",0.28,CBL
CH1199659975,"CHF 1,875 PFANDBRIEFBANK ",3.29,CBL
SE0002829192,"SEK 3,50 SWEDEN, KINGDOM ",4.09,CBL
XS2014478957,"EUR 0,01 EBRD 19-2031",1.25,CBL
CH1515238728,"CHF 1,20 ZUER.KANTONABK.Z",5.59,CBL
CH0109156262,"CHF 2,75 ASIAN DEV.BK (RE",1.00,CBL
CH1266847222,"CHF 1,85 PBZ SCHWEIZ. KBK",3.00,CBL
US459058KX08,"USD FL.R IBRD-WORLD BANK ",0.42,CBL
SE0028329300,"SEK 3,25 DANSKE HYPOTEK A",1.70,CBL
US4581X0EC87,"USD FL.R INTER-AMER.DEV.B",0.33,CBL
CH0547243243,"CHF 0,25 CANTON OF GENEVA",5.58,CBL
CH0536892752,"CHF 0,10 PBZ SCHWEIZ. KBK",1.05,CBL
AU3CB0296754,"AUD 4,20 EUROP.INVEST.BK ",0.67,CBL
CH0575017089,"CHF 0,125 PFANDBRIEFBANK ",1.74,CBL
AU3CB0242121,"AUD 3,30 AFRICAN DEV.BK 1",0.37,CBL
XS2177026155,"USD 0,875 FINLAND REP.OF ",1.54,CBL
CH1204259746,"CHF 1,50 PFANDBRIEFBANK S",4.59,CBL
CH1206367679,"CHF 1,45 ZURICH, KANTON 2",0.98,CBL
AU3CB0330207,"AUD 4,60 KFW 26-2031",1.64,CBL
DK0006358395,"DKK 1,00 DLR KREDIT AS 22",0.56,CBL
CA135087S398,"CAD 3,25 CANADA 24-2026",0.57,CBL
CH0438965581,"CHF 1,125 PFANDBRIEFBANK ",5.18,CBL
XS2113033281,"GBP 0,75 IBRD-WORLD BANK ",0.40,CBL
XS2226134851,"USD 0,78 IBRD-WORLD BANK ",1.42,CBL
AU0000451593,"AUD 4,75 COMMONWEALTH OF ",4.90,CBL
XS2581365785,"SEK 2,875 AFRICAN DEV.BK ",0.48,CBL
GB00BMF9LG83,"GBP 4,50 UNITED KINGDOM (",1.01,CBL
NO0013383976,"NOK FL.R SPAREBNK 1 BOLIK",0.49,CBL
DK0009924961,"DKK 2,25 DEN DANSKE STAT ",3.13,CBL
